이미지,이름,영문이름,종류,가격,당도,바디,품종,아로마1,아로마2,아로마3
https://wine21.speedgabia.com/WINE_MST/TITLE/0172000/W0172211.png,샴페인 꼴렛 브뤼 로제,Champagne Collet Brut Rose,스파클링,13,1,3,블렌디드,꽃,레몬,베리
https://wine21.speedgabia.com/WINE_MST/TITLE/0172000/W0172210.png,샴페인 꼴렛 브뤼 아르 데코 프리미에 크뤼,Champagne Collet Brut Art Deco 1er Cru,스파클링,12,1,3,블렌디드,꽃,레몬,사과
https://wine21.speedgabia.com/WINE_MST/IMAGE/0172000/T0172139_001.png,퓨리티 유모 오렌지 머스켓 펫 낫,Purity YUMMO Orange Muscat Pet Nat,스파클링,14,1,3,오렌지 뮈스까,사과, , 
https://wine21.speedgabia.com/WINE_MST/IMAGE/0172000/T0172137_001.png,초 와인 피크 미 피케트 오브 피노 누아,CHO Wines Pique Me Piquette of Pinot Noir,스파클링,14,1,3,피노 누아,베리,숙성, 
https://wine21.speedgabia.com/WINE_MST/TITLE/0172000/W0172121.png,로저 구라트 브륏 리제르바 골드,Roger Goulart Brut Reserva Gold,스파클링,8,1,1,블렌디드,돌,크로와상, 
https://wine21.speedgabia.com/WINE_MST/TITLE/0172000/W0172120.png,로저 구라트 브륏 오가닉 리제르바,Roger Goulart Brut Organic Reserva,스파클링,8,1,2,블렌디드,꽃,돌,레몬
https://wine21.speedgabia.com/WINE_MST/TITLE/0172000/W0172022.png,미셸 프루니에 크레망 드 부르고뉴,Michel Prunier Cremant de Bourgogne,스파클링,8,1,2,블렌디드,꽃,사과,크로와상
https://wine21.speedgabia.com/WINE_MST/TITLE/0171000/W0171946.png,와비 사비 스페이스 버블스 라이트 로제,Wabi Sabi Space Bubbles Light Rose,스파클링,3,1,3,츠바이겔트,베리,사과, 
https://wine21.speedgabia.com/WINE_MST/TITLE/0171000/W0171945.png,와비 사비 스페이스 버블스 라이트 화이트,Wabi Sabi Space Bubbles Light White,스파클링,3,1,3,그뤼너 벨트리너,사과, , 
https://wine21.speedgabia.com/WINE_MST/TITLE/0171000/W0171871.png,자이엉스 크레망 드 디 그랑 리저브,Jaillance Cremant de Die Grand Reserve,스파클링,5,1,2,블렌디드,꽃,레몬,아몬드
https://wine21.speedgabia.com/WINE_MST/TITLE/0171000/W0171870.jpg,자이엉스 클래렛 드 디 뀌베 티투스,Jaillance Clairette de Die Cuvee Titus,스파클링,5,1,1,클레렛,꽃,레몬, 
https://wine21.speedgabia.com/WINE_MST/TITLE/0171000/W0171865.jpg,지게티 블랑 드 블랑 브륏,Szigeti Blanc de Blancs Brut,스파클링,8,1,3,샤르도네,레몬,사과,파인애플
https://wine21.speedgabia.com/WINE_MST/TITLE/0171000/W0171864.jpg,지게티 그뤼너 벨트리너 젝트,Szigeti Gruner Veltliner Sekt,스파클링,7,1,3,그뤼너 벨트리너,돌,레몬,사과
https://wine21.speedgabia.com/WINE_MST/TITLE/0171000/W0171800.jpg,앙리 르블랑 메쏘드 트라디시오넬 블랑 드 블랑,Henri Leblanc Blanc de Blanc Methode Traditionelle,스파클링,3,1,1,샤르도네,레몬,사과,크로와상
https://wine21.speedgabia.com/WINE_MST/TITLE/0171000/W0171778.png,샴페인 망진 앤 필스 블랑 드 누아 밀레짐,Champagne Mangin & Fils Blanc de Noir Millesime,스파클링,15,1,2,피노 뮈니에,꽃,레몬, 
https://wine21.speedgabia.com/WINE_MST/TITLE/0171000/W0171777.png,샴페인 망진 앤 필스 블랑 드 누아 브뤼,Champagne Mangin & Fils Blanc de Noir Brut,스파클링,11,1,2,피노 뮈니에,사과,숙성,아몬드
https://wine21.speedgabia.com/WINE_MST/TITLE/0171000/W0171764.png,샴페인 살몬 뀌베 뫼니에 브뤼,Champagne Salmon Cuvée Meunier Brut,스파클링,15,1,2,피노 뮈니에,레몬,사과,아몬드
https://wine21.speedgabia.com/WINE_MST/IMAGE/0171000/T0171677_003.png,만수스 펫-낫,Mansus Pet-nat,스파클링,9,1,2,레불라,레몬,사과, 
https://wine21.speedgabia.com/WINE_MST/TITLE/0171000/W0171672.png,47AD 그랑 뀌베 스푸만떼 골드,47AD Grand Cuvee Spumante Gold,스파클링,4,2,2,글레라,꽃,사과,파인애플
https://wine21.speedgabia.com/WINE_MST/TITLE/0171000/W0171671.png,47AD 프로세코 로제,47AD Prosecco Rose,스파클링,4,2,2,블렌디드,꽃, , 
https://wine21.speedgabia.com/WINE_MST/TITLE/0171000/W0171642.png,소마리바 프로세코 슈페리오 브뤼,Sommariva Prosecco Superiore Brut,스파클링,6,1,1,글레라,레몬,사과,크로와상
https://wine21.speedgabia.com/WINE_MST/IMAGE/0171000/T0171618_002.png,미라벤토 모스카토 리치,Miravento Moscato Lychee,스파클링,3,3,2,모스카토,파인애플, , 
https://wine21.speedgabia.com/WINE_MST/IMAGE/0171000/T0171617_002.png,미라벤토 모스카토 피치,Miravento Mocato Peach,스파클링,3,3,2,모스카토,사과, , 
https://wine21.speedgabia.com/WINE_MST/IMAGE/0171000/T0171616_002.png,미라벤토 모스카토 스트로베리,Miravento Moscato Strawberry,스파클링,3,3,2,모스카토,베리, , 
https://wine21.speedgabia.com/WINE_MST/IMAGE/0171000/T0171615_002.png,미라벤토 모스카토 핑크,Miravento Moscato Pink,스파클링,2,3,2,모스카토,꽃, , 
https://wine21.speedgabia.com/WINE_MST/TITLE/0171000/W0171589.png,뻬레 벤뚜라 까바 브륏 레세르바 아트 에디션 화이트,Pere Ventura Cava Brut Reserva Art Edition White,스파클링,5,2,3,블렌디드,레몬,아몬드, 
https://wine21.speedgabia.com/WINE_MST/TITLE/0171000/W0171588.png,뻬레 벤뚜라 까바 브륏 레세르바 아트 에디션 블루,Pere Ventura Cava Brut Reserva Art Edition Blue,스파클링,5,3,3,블렌디드,레몬,아몬드, 
https://wine21.speedgabia.com/WINE_MST/TITLE/0171000/W0171571.png,또스띠 모스까또 블랙에디션,Tosti Moscato Black Edition,스파클링,2,2,2,모스카토,사과,파인애플, 
https://wine21.speedgabia.com/WINE_MST/IMAGE/0171000/T0171570_001.png,또스띠 버터플라이 스파클링,Tosti Butterfly Sparkling,스파클링,2,1,4,블렌디드,레몬,사과, 
https://wine21.speedgabia.com/WINE_MST/TITLE/0171000/W0171547.png,카바이 히드라 화이트 펫낫,Kabaj Hydra White Pet Nat,스파클링,5,1,3,말바시아,레몬,사과, 
https://wine21.speedgabia.com/WINE_MST/TITLE/0171000/W0171312.png,샹파뉴 드 로슈 브뤼 셀렉시옹,Champagne de L'AUCHE Brut Selection,스파클링,9,1,2,블렌디드,사과,숙성,아몬드
https://wine21.speedgabia.com/WINE_MST/IMAGE/0171000/T0171235_001.png,카스텔블랑 까바 브뤼 리제르바,Castellblanc Cava Brut Reserva,스파클링,4,1,1,블렌디드,사과,숙성,아몬드
https://wine21.speedgabia.com/WINE_MST/IMAGE/0171000/T0171226_001.png,호그와시 로제 스파클링 캔,Hogwash Rose Sparkling CAN,스파클링,2,1,2,그르나슈,레몬,베리, 
https://wine21.speedgabia.com/WINE_MST/TITLE/0170000/W0170696.png,메종 카스텔 뀌베 로제,Maison Castel Cuvee Rose,스파클링,3,1,2,피노 누아,베리,사과, 
https://wine21.speedgabia.com/WINE_MST/TITLE/0170000/W0170695.png,메종 카스텔 아이스 뀌베 블랑쉬,Maison Castel ICE Cuvee Blanche,스파클링,3,2,1,샤르도네,꽃,레몬,크로와상
https://wine21.speedgabia.com/WINE_MST/TITLE/0170000/W0170694.png,메종 카스텔 크레망 드 보르도 브뤼,Maison Castel Cremant de Bordeaux Brut,스파클링,4,1,1,블렌디드,레몬, , 
https://wine21.speedgabia.com/WINE_MST/TITLE/0170000/W0170656.png,보라스카 까바 브륏,Borrasca Cava Brut,스파클링,4,1,1,블렌디드,꽃,레몬,사과
https://wine21.speedgabia.com/WINE_MST/TITLE/0170000/W0170637.png,게오르지움 부르군더큐베 펫낫,Georgium Burgundercuvee Pet Nat,스파클링,14,1,1,블렌디드,레몬,아몬드,크로와상
https://wine21.speedgabia.com/WINE_MST/TITLE/0170000/W0170634.png,메잇스 앤 러벌스,Mates & Lovers,스파클링,12,1,2,블렌디드,꽃,레몬, 
https://wine21.speedgabia.com/WINE_MST/TITLE/0170000/W0170632.png,낫 데디,Nat Daddy,스파클링,12,1,2,블렌디드,레몬,사과,파인애플
https://wine21.speedgabia.com/WINE_MST/TITLE/0170000/W0170631.png,토소 브뤼 밀레시마토,Toso Brut Millesimato,스파클링,4,1,2,글레라,꽃,사과, 
https://wine21.speedgabia.com/WINE_MST/TITLE/0170000/W0170619.png,앙드레 끌루에 초키,Andre Clouet Chalky,스파클링,9,1,2,샤르도네,돌,레몬,베리
https://wine21.speedgabia.com/WINE_MST/TITLE/0170000/W0170607.png,알타 비스타 비베 스위트 스파클링,Alta Vista Vive Sweet Sparkling,스파클링,3,2,1,토론테스,꽃,사과, 
https://wine21.speedgabia.com/WINE_MST/TITLE/0170000/W0170577.png,노비볼레 로마냐 스푸만테 비앙코,Novebolle Romagna Spumante Bianco,스파클링,2,2,3,블렌디드,꽃,레몬, 
https://wine21.speedgabia.com/WINE_MST/TITLE/0170000/W0170554.png,니콜라스 마이야르 프르미에 크뤼 플라틴,Nicolas Maillart 1er Cru Platine,스파클링,13,1,2,블렌디드,레몬,아몬드, 
https://wine21.speedgabia.com/WINE_MST/IMAGE/0170000/T0170536_002.png,오로펠라 로제 엑스트라 드라이 스푸만테 밀레지마토,Oroperla Rose Extra Dry Spumante Millesimato,스파클링,5,1,2,피노 누아,꽃,레몬,숙성
https://wine21.speedgabia.com/WINE_MST/TITLE/0170000/W0170503.png,꼬르베쪼 오가닉 프로세코 DOC 드미섹,Corvezzo Organic Prosecco DOC Demisec,스파클링,5,1,1,글레라,꽃,사과,숙성
https://wine21.speedgabia.com/WINE_MST/TITLE/0170000/W0170502.png,꼬르베쪼 오가닉 프로세코 DOC 브뤼 밀레지마토,Corvezzo Organic Prosecco DOC Brut Millesimato,스파클링,5,1,1,블렌디드,꽃,사과, 
https://wine21.speedgabia.com/WINE_MST/TITLE/0170000/W0170501.png,꼬르베쪼 오가닉 프로세코 DOC 로제,Corvezzo Organic Prosecco DOC Rose,스파클링,5,2,2,블렌디드,꽃, , 
https://wine21.speedgabia.com/WINE_MST/TITLE/0170000/W0170492.png,꼬르베쪼 오가닉 프로세코,Corvezzo Organic Prosecco,스파클링,5,1,1,블렌디드,꽃,사과, 
https://wine21.speedgabia.com/WINE_MST/TITLE/0170000/W0170490.png,꼬르베쪼 발도비아데네 프로세코 수페리오레,Corvezzo Valdobbiadene Prosecco Superiore,스파클링,6,1,1,블렌디드,꽃,사과, 
https://wine21.speedgabia.com/WINE_MST/TITLE/0170000/W0170455.png,노비볼레 로마냐 스푸만테 로사토,Caviro Novebolle Romagna Spumante Rosato,스파클링,2,1,2,블렌디드,사과, , 
https://wine21.speedgabia.com/WINE_MST/TITLE/0170000/W0170454.png,G.H 마르텔 앙리 드부아 샴페인,G.H Martel Henri Dubois Champagne,스파클링,6,1,1,블렌디드,돌,사과,크로와상
https://wine21.speedgabia.com/WINE_MST/TITLE/0170000/W0170321.png,메종 카스텔 퀴베 블랑쉬 브뤼,Masion Castel Cuvee Blanche Brut,스파클링,3,1,1,샤르도네,꽃,레몬,사과
https://wine21.speedgabia.com/WINE_MST/TITLE/0170000/W0170292.png,알베르토 나니 프로세코 엑스트라 드라이,Alberto Nani Prosecco Extra Dry,스파클링,7,1,1,글레라,꽃,사과, 
https://wine21.speedgabia.com/WINE_MST/TITLE/0170000/W0170291.png,소피오 프로세코 밀레짐 엑스트라 드라이,Soffio Prosecco,스파클링,5,1,3,글레라,꽃,레몬, 
https://wine21.speedgabia.com/WINE_MST/TITLE/0170000/W0170290.png,보가 로제 스푸만떼,Voga Rose Spumante,스파클링,6,1,2,피노 그리지오,베리, , 
https://wine21.speedgabia.com/WINE_MST/TITLE/0170000/W0170289.png,보가 모스카토 프리잔테,Voga Moscato,스파클링,5,3,1,모스카토,꽃,레몬,사과
https://wine21.speedgabia.com/WINE_MST/TITLE/0170000/W0170280.png,아바찌아 아스티,Abbazai Asti,스파클링,3,3,1,모스카토,꽃,숙성, 
https://wine21.speedgabia.com/WINE_MST/TITLE/0170000/W0170279.png,비디갈 와이너리 포르타 6 스파클링 브륏,Vidigal Winery Porta 6 Sparkling Brut,스파클링,2,1,1,블렌디드,레몬,사과,파인애플
https://wine21.speedgabia.com/WINE_MST/TITLE/0170000/W0170261.png,쇼테스브룩 1337 헤리티지 시리즈 블랑 드 블랑,Shottesbrooke 1337 Heritage series Blanc de Blancs,스파클링,7,1,2,샤르도네,레몬,사과,아몬드
https://wine21.speedgabia.com/WINE_MST/TITLE/0170000/W0170236.png,크루세 블랑 드 블랑,Cruset Blanc de Blancs,스파클링,3,1,1,블렌디드,꽃,사과, 
https://wine21.speedgabia.com/WINE_MST/TITLE/0170000/W0170235.png,르 마르키 드 마리약 브뤼,Le Marquis de Marillac Brut,스파클링,14,1,1,블렌디드,사과, , 
https://wine21.speedgabia.com/WINE_MST/TITLE/0170000/W0170185.png,르 꼰떼쎄 프로세코 로제 밀레지마토 브뤼,Le Contesse Prosecco Rose Millesimato Brut,스파클링,5,1,2,블렌디드,꽃, , 
https://wine21.speedgabia.com/WINE_MST/TITLE/0170000/W0170163.png,그라티엔 & 메이어 끌레망 드 루아르 브뤼,Gratien & Meyer Cremant de Loire Brut,스파클링,8,1,2,블렌디드,레몬,사과,숙성
https://wine21.speedgabia.com/WINE_MST/TITLE/0170000/W0170108.png,아바찌아 보나세라 모스카토,Abbazia Buona Sera,스파클링,2,3,1,모스카토,꽃, , 
https://wine21.speedgabia.com/WINE_MST/TITLE/0170000/W0170077.png,산 마르티노 피노 네로 로사토,San Martino Pinot Nero Rosato Brut,스파클링,3,1,2,피노 네로,꽃, , 
https://wine21.speedgabia.com/WINE_MST/TITLE/0170000/W0170059.png,아스트랄 스푸만테 엑스트라 드라이,Astrale Spumante Extra Dry,스파클링,3,1,2,블렌디드,돌,레몬,사과
https://wine21.speedgabia.com/WINE_MST/TITLE/0170000/W0170053.png,토레스 비냐 에스메랄다 스파클링,Torres Vina Esmeralda Sparkling,스파클링,3,1,1,모스카텔,레몬,사과, 
https://wine21.speedgabia.com/WINE_MST/IMAGE/0169000/T0169990_001.png,프렌치 스파클링 골든 블랑 로제,Vitteaut Alberti French Sparkling Three Stars by Golden Blanc Rose,스파클링,8,2,2,블렌드,베리, , 
https://wine21.speedgabia.com/WINE_MST/IMAGE/0169000/T0169989_001.png,프렌치 스파클링 골든 블랑,Vitteaut Alberti French Sparkling Three Stars by Golden Blanc,스파클링,6,2,2,블렌디드,말린과일,사과,숙성
https://wine21.speedgabia.com/WINE_MST/IMAGE/0169000/T0169988_001.png,크레망 골든 블랑 로제,Vitteaut Alberti Cremant de Bourgogne Four Stars by Golden Blanc Rose,스파클링,11,1,3,피노 누아,베리,사과, 
https://wine21.speedgabia.com/WINE_MST/IMAGE/0169000/T0169987_001.png,크레망 골든 블랑,Vitteaut Alberti Cremant de Bourgogne Four Stars by Golden Blanc,스파클링,8,1,2,블렌디드,꽃,사과, 
https://wine21.speedgabia.com/WINE_MST/IMAGE/0169000/T0169986_001.png,샴페인 골든블랑 로제 브뤼,Volleraux Champagne Golden Blanc Rose Brut,스파클링,15,1,3,피노 누아,꽃,베리,시나몬
https://wine21.speedgabia.com/WINE_MST/IMAGE/0169000/T0169985_001.png,샴페인 골든블랑 브뤼,Volleraux Champagne Golden Blanc Brut,스파클링,12,1,3,블렌디드,사과,숙성, 
https://wine21.speedgabia.com/WINE_MST/IMAGE/0169000/T0169982_001.png,호메세라 부케 카바 로제,Jaume Serra Bouquet Cava Rose,스파클링,3,1,2,블렌디드,꽃,레몬, 
https://wine21.speedgabia.com/WINE_MST/TITLE/0169000/W0169975.png,카르페네 말볼티 프로세코 트레비소,Carpene Malvolti Prosecco Treviso,스파클링,3,1,2,글레라,꽃,레몬,사과
https://wine21.speedgabia.com/WINE_MST/TITLE/0169000/W0169974.png,카르페네 말볼티 1868 프로세코 수페리오레,Carpene Malvolti 1868 Prosecco Superiore,스파클링,4,1,2,글레라,레몬,사과,오크통
https://wine21.speedgabia.com/WINE_MST/TITLE/0169000/W0169970.png,볼레로 로제 브뤼,Vollereaux Rose Brut,스파클링,10,1,3,피노 누아,꽃, , 
https://wine21.speedgabia.com/WINE_MST/TITLE/0169000/W0169871.png,무가 까바 꼰데 데 아로,Muga Cava Conde de Haro,스파클링,5,1,2,블렌디드,꽃,사과, 
https://wine21.speedgabia.com/WINE_MST/TITLE/0169000/W0169857.png,프리밧 브뤼 내추럴 레세르바,Privat Brut Nature Reserva,스파클링,4,1,1,블렌디드,레몬,아몬드, 
https://wine21.speedgabia.com/WINE_MST/IMAGE/0169000/T0169825_001.png,보르가 프로세코 스푸만테 밀레지마토,Borga Prosecco Spumante Millesimato,스파클링,5,1,1,글레라,꽃,레몬,사과
https://wine21.speedgabia.com/WINE_MST/TITLE/0169000/W0169814.png,빌까르 살몽 인스퍼레이션 1818 브뤼,Billecart Salmon Inspiration 1818 Brut,스파클링,6,1,2,블렌디드,레몬,사과,시나몬
https://wine21.speedgabia.com/WINE_MST/TITLE/0169000/W0169314.png,7 컬러즈 브륏 샤르마,7 Colores Brut Charmat,스파클링,3,1,1,샤르도네,레몬,사과,크로와상
https://wine21.speedgabia.com/WINE_MST/TITLE/0169000/W0169279.png,투썩 점퍼 '황소' 까바 리제르바,Tussock Jumper 'Bull' Cava Reserva,스파클링,4,1,1,블렌디드,레몬,사과, 
https://wine21.speedgabia.com/WINE_MST/IMAGE/0169000/T0169195_001.png,로저 구라트 피노 누아 로제 엑스트라 브륏,Roger Goulart Pinot Noir Rose Extra Brut,스파클링,8,1,2,피노 누아,베리, , 
https://wine21.speedgabia.com/WINE_MST/TITLE/0169000/W0169170.png,장 로롱 크레망 드 부르고뉴,Jean Loron Cremant de Bourgogne,스파클링,7,1,2,블렌디드,꽃,돌,레몬
https://wine21.speedgabia.com/WINE_MST/TITLE/0169000/W0169086.png,호메 세라 부케 까바 브룻,Juame Serra Bouquet CAVA Brut,스파클링,3,2,2,블렌디드,꽃,레몬,사과
https://wine21.speedgabia.com/WINE_MST/TITLE/0169000/W0169075.png,씨에르 다르퀴 라뷸,Sieur d'Arques La Bulle,스파클링,2,3,2,모작,꽃,레몬, 
https://wine21.speedgabia.com/WINE_MST/TITLE/0169000/W0169028.png,데블스 코너 프리미엄 뀌베,Devil's Corner Premium Cuvee,스파클링,5,1,3,블렌디드,레몬,사과, 
https://wine21.speedgabia.com/WINE_MST/TITLE/0168000/W0168998.png,칸티네 체치 주세페 베르디 말바시아 브륏,Cantine Ceci Giuseppe Verdi Malvasia Brut,스파클링,2,1,2,말바시아,꽃,레몬,사과
https://wine21.speedgabia.com/WINE_MST/TITLE/0168000/W0168997.png,칸티네 체치 주세페 베르디 람브루스코 로사 아마빌레,Cantine Ceci Giuseppe Verdi Lambrusco Rosa Amabile,스파클링,3,3,2,람브루스코,꽃,레몬,베리
https://wine21.speedgabia.com/WINE_MST/TITLE/0168000/W0168988.png,브롤리아 로베렐로,Broglia Roverello,스파클링,5,1,2,코르테제,레몬,사과,오크통
https://wine21.speedgabia.com/WINE_MST/TITLE/0168000/W0168942.png,드 샹세니 소뮈르 브뤼,De Chanceny Saumur Brut,스파클링,3,1,2,블렌디드,꽃, , 
https://wine21.speedgabia.com/WINE_MST/TITLE/0168000/W0168941.png,드 샹세니 크레망 드 루아르 로제 브뤼,De Chanceny Cremant de Loire Rose Brut,스파클링,3,1,3,블렌디드,베리, , 
https://wine21.speedgabia.com/WINE_MST/TITLE/0168000/W0168940.png,드 샹세니 크레망 드 루아르 브뤼,De Chanceny Cremant de Loire Brut,스파클링,3,1,3,블렌디드,꽃,사과, 
https://wine21.speedgabia.com/WINE_MST/TITLE/0168000/W0168873.png,와비사비 사쿠라 로제 펫낫,Wabi Sabi Sakura Rose Pet Nat,스파클링,4,1,3,블렌디드,레몬,베리,사과
https://wine21.speedgabia.com/WINE_MST/TITLE/0168000/W0168872.png,와비사비 스푸미 화이트 펫낫,Wabi Sabi Spumy White Pet Nat,스파클링,3,1,3,블렌디드,꽃,돌,레몬
https://wine21.speedgabia.com/WINE_MST/TITLE/0168000/W0168871.png,와비사비 펫낫,Wabi Sabi Pet Nat,스파클링,4,1,3,블렌디드,레몬,사과,오크통
https://wine21.speedgabia.com/WINE_MST/TITLE/0168000/W0168842.png,더 롱 리틀 독 스파클링,The Long Little Dog Sparkling,스파클링,3,1,2,블렌디드,꽃,레몬,사과
https://wine21.speedgabia.com/WINE_MST/TITLE/0168000/W0168840.png,콘차이 토로 프론테라 프리미엄 스파클링 브륏,Concha y Toro Frontera Premium Sparkling Brut,스파클링,1,1,2,샤르도네,사과, , 
https://wine21.speedgabia.com/WINE_MST/TITLE/0168000/W0168830.png,뻬레 벤뚜라 트래저 애니버서리 그랑 레세르바 브륏,Pere Ventura Tresor Anniversary Gran Reserva Brut,스파클링,5,1,2,블렌디드,꽃,크로와상, 
https://wine21.speedgabia.com/WINE_MST/TITLE/0168000/W0168752.png,빌라 욜란다 아이러브유(사랑해) 모스카토,Villa Jolanda I Love You Moscato,스파클링,4,3,1,모스카토,레몬, , 
https://wine21.speedgabia.com/WINE_MST/TITLE/0168000/W0168751.png,라 로스카 로제 까바,La Rosca Rosado Cava,스파클링,0,1,2,블렌디드,레몬, , 
https://wine21.speedgabia.com/WINE_MST/TITLE/0168000/W0168750.png,라 로스카 까바,La Rosca Cava Brut,스파클링,0,1,2,블렌디드,레몬, , 
https://wine21.speedgabia.com/WINE_MST/TITLE/0168000/W0168749.png,보히가스 그랑 리제르바 네이쳐 브륏,Bohigas Brut Nature Gran Reserva,스파클링,5,1,2,블렌디드,말린과일,숙성,크로와상
https://wine21.speedgabia.com/WINE_MST/TITLE/0168000/W0168741.png,콜라브리고 프로세코 수페리오레 브뤼,Collalbrigo Prosecco Superiore Brut,스파클링,3,1,2,글레라,사과,숙성, 
https://wine21.speedgabia.com/WINE_MST/TITLE/0168000/W0168740.png,콜라브리고 프로세코 엑스트라 드라이,Collalbrigo Prosecco Extra Dry,스파클링,3,1,2,글레라,사과,숙성, 
https://wine21.speedgabia.com/WINE_MST/TITLE/0168000/W0168739.png,콜라브리고 프로세코 브뤼,Collalbrigo Prosecco Brut,스파클링,2,1,2,글레라,사과,숙성, 
https://wine21.speedgabia.com/WINE_MST/TITLE/0168000/W0168704.png,레오파드 립 퀴베 브륏,Leopard's Leap Cuvee Brut,스파클링,4,1,2,블렌디드,꽃,레몬,사과
https://wine21.speedgabia.com/WINE_MST/TITLE/0168000/W0168703.png,베세라 드 벨퐁 블루 브뤼,Besserat de Bellefon Bleu Brut,스파클링,12,1,2,블렌디드,꽃,돌,레몬
https://wine21.speedgabia.com/WINE_MST/TITLE/0168000/W0168699.png,캐논볼 엔젤스 카우보이즈 브륏 로제,Cannonball Angels & Cowboys Brut Rose,스파클링,9,1,2,블렌디드,레몬,베리, 
https://wine21.speedgabia.com/WINE_MST/TITLE/0168000/W0168577.png,아리온 마마망고,Arione Mama mango,스파클링,3,3,1,블렌드,레몬,파인애플, 
https://wine21.speedgabia.com/WINE_MST/TITLE/0168000/W0168506.png,그란 두카이 까바 그란 리세르바,Gran Ducay CAVA Gran Reserva,스파클링,5,1,3,블렌디드,돌, , 
https://wine21.speedgabia.com/WINE_MST/TITLE/0168000/W0168505.png,보데가스 산 발레로 그란 두카이 까바 브뤼 나뚜르,Bodegas San Valero Gran Ducay CAVA Brut Nature,스파클링,4,1,2,블렌디드,레몬, , 
https://wine21.speedgabia.com/WINE_MST/TITLE/0168000/W0168427.png,샴페인 꽁 드 라모뜨 브뤼,Champagne Comte de Lamotte Brut,스파클링,8,1,3,블렌디드,레몬,사과, 
https://wine21.speedgabia.com/WINE_MST/TITLE/0168000/W0168373.png,마리 스튜아트 뀌베 드 라 헨느 브뤼,Marie Stuart Cuvee de la Reine Brut,스파클링,14,1,3,블렌디드,꽃, , 
https://wine21.speedgabia.com/WINE_MST/TITLE/0168000/W0168329.png,폴리 바이 가삭,Foliiiie by Gassac,스파클링,7,1,2,샤르도네,꽃,돌,레몬
https://wine21.speedgabia.com/WINE_MST/TITLE/0168000/W0168306.png,산디 라지 파 와인클럽 먼데이 클럽 스파클링,Sandhi Raj Parr Wine Club Monday Club Sparkling,스파클링,12,1,2,피노 누아,베리, , 
https://wine21.speedgabia.com/WINE_MST/TITLE/0168000/W0168089.png,필립 글라비에 라 그라스 달파엘 브륏 나투르,Philippe Glavier La Grace d'Alphael Brut Nature,스파클링,14,1,2,샤르도네,꽃,레몬,사과
https://wine21.speedgabia.com/WINE_MST/TITLE/0168000/W0168076.png,덕혼 디코이 캘리포니아 브뤼 뀌베 스파클링,Duckhorn Decoy California Brut Cuvee Sparkling,스파클링,7,1,2,블렌디드,레몬,사과,시나몬
https://wine21.speedgabia.com/WINE_MST/TITLE/0168000/W0168044.png,멈 그랑 꼬르동,G.H.MUMM Grand Cordon,스파클링,10,1,2,블렌디드,레몬,사과,시나몬
https://wine21.speedgabia.com/WINE_MST/TITLE/0168000/W0168020.png,무따르 메쏘드 트라디쇼넬 그랑드 리저브 브뤼 나뛰르,Champagne Moutard & Domaine Moutard Methode Traditionnelle Grande Reserve Brut Nature,스파클링,5,1,2,샤르도네,꽃,돌,레몬
https://wine21.speedgabia.com/WINE_MST/TITLE/0168000/W0168019.png,무따르 메쏘드 트라디쇼넬 블랑 드 블랑 브뤼,Champagne Moutard & Domaine Moutard Methode Traditionnelle Blanc de Blancs Brut,스파클링,5,1,2,샤르도네,돌,레몬,사과
https://wine21.speedgabia.com/WINE_MST/TITLE/0168000/W0168018.png,무따르 펫 무 로제 페티앙 나튀렐,Champagne Moutard & Domaine Moutard Pet' Mout' Rose Petillant Naturel,스파클링,5,1,2,피노 누아,돌,베리,사과
https://wine21.speedgabia.com/WINE_MST/TITLE/0168000/W0168017.png,무따르 펫 무 샤도네이 페티앙 나튀렐,Champagne Moutard & Domaine Moutard Pet' Mout' Chardonnay Petillant Naturel,스파클링,5,1,2,샤르도네,돌,레몬,사과
https://wine21.speedgabia.com/WINE_MST/TITLE/0168000/W0168011.png,필드 레코딩스 드라이 홉 펫 낫,Field Recordings Dry Hop Pet Nat,스파클링,10,2,2,샤르도네,레몬,베리,사과
https://wine21.speedgabia.com/WINE_MST/TITLE/0167000/W0167964.png,크리스마스 아스티,Christmas Asti,스파클링,3,4,2,모스카토,레몬, , 
https://wine21.speedgabia.com/WINE_MST/IMAGE/0167000/T0167942_001.png,두게싸 리아 아스티 세코,Duchessa Lia Asti Secco,스파클링,4,4,2,모스카토,꽃, , 
https://wine21.speedgabia.com/WINE_MST/TITLE/0167000/W0167890.png,초코 버블,Choco Bubble,스파클링,1,4,2,블렌드,베리,오크통, 
https://wine21.speedgabia.com/WINE_MST/TITLE/0167000/W0167889.png,스트로베리 버블,Strawberry Bubble,스파클링,1,4,2,블렌드,베리,숙성, 
https://wine21.speedgabia.com/WINE_MST/TITLE/0167000/W0167849.png,펫 낫 미아오 로제,Pet Nat Miao Rose,스파클링,6,1,3,블렌디드,사과,파인애플, 
https://wine21.speedgabia.com/WINE_MST/TITLE/0167000/W0167837.png,지오다노 비니 지오다노 블랑 드 블랑 스푸만테 드라이,Giordano Vini Giordano Blanc de Blancs Spumante Dry,스파클링,1,1,2,샤르도네,꽃,레몬,사과
https://wine21.speedgabia.com/WINE_MST/TITLE/0167000/W0167780.png,도멘 앙리 821 블랑 드 블랑 브뤼,Domaine d'Henri 821 Blanc de Blancs Brut,스파클링,10,1,2,샤르도네,돌,레몬,크로와상
https://wine21.speedgabia.com/WINE_MST/TITLE/0167000/W0167718.png,버블 넘버원 반빈 에디션,Bubble No.1 Vanbinh Edition,스파클링,6,1,3,블렌디드,레몬, , 
https://wine21.speedgabia.com/WINE_MST/TITLE/0167000/W0167647.png,맥기건 블랙 라벨 스파클링 샤도네이 피노누아,McGuigan Black Label Sparkling Chardonnay Pinot Noir,스파클링,4,1,2,블렌디드,사과, , 
https://wine21.speedgabia.com/WINE_MST/TITLE/0167000/W0167569.png,샴페인 무세 피스 로 듀진 블랑 드 누아,Champagne Mousse Fils L'or d'Eugene Blanc de Noirs,스파클링,15,1,3,블렌디드,사과,숙성,크로와상
https://wine21.speedgabia.com/WINE_MST/TITLE/0167000/W0167448.png,샹파뉴 끌로드 바롱 사파이어 브뤼,Champagne Claude Baron Saphir Brut,스파클링,5,1,2,블렌디드,돌, , 
https://wine21.speedgabia.com/WINE_MST/TITLE/0167000/W0167445.png,샹파뉴 루이 뒤몽,Champagne Louis Dumont,스파클링,6,1,1,블렌디드,돌,레몬,크로와상
https://wine21.speedgabia.com/WINE_MST/TITLE/0167000/W0167444.png,발혼도 까바 브륏,Valhodo Cava Brut,스파클링,1,1,1,블렌디드,꽃,레몬, 
https://wine21.speedgabia.com/WINE_MST/TITLE/0167000/W0167440.png,고세 엑설렁스 엑스트라 브뤼,Gosset Excellence Extra Brut,스파클링,11,1,3,블렌디드,레몬, , 
https://wine21.speedgabia.com/WINE_MST/TITLE/0167000/W0167228.png,파랑가 스파클링,Paranga Sparkling,스파클링,4,1,2,블렌디드,꽃,사과, 
https://wine21.speedgabia.com/WINE_MST/TITLE/0167000/W0167216.png,호메 세라 오가닉 브룻 까바,Jaume Serra Organic Brut Cava,스파클링,3,1,2,마카베오,레몬,사과, 
https://wine21.speedgabia.com/WINE_MST/TITLE/0167000/W0167135.jpg,소마리바 꼬넬리아노 발도비아데네 프로세코 수페리오레 드라이,Sommariva Conegliano Valdobbiadene Prosecco Superiore Dry,스파클링,4,1,3,글레라,돌,레몬,사과
https://wine21.speedgabia.com/WINE_MST/TITLE/0167000/W0167128.png,오미로제 연,OmyRose Yeon,스파클링,5,2,2,오미자,꽃,사과, 
https://wine21.speedgabia.com/WINE_MST/IMAGE/0167000/T0167109_001.png,뵈브 엘리자베스 브뤼,Veuve Elisabeth Brut,스파클링,3,1,2,블렌디드,돌,크로와상, 
https://wine21.speedgabia.com/WINE_MST/TITLE/0167000/W0167036.jpg,웨스트 + 와일더 스파클링 로제,West + Wilder Sparkling Rose,스파클링,0,1,2,블렌디드,꽃,베리,사과
https://wine21.speedgabia.com/WINE_MST/TITLE/0167000/W0167035.jpg,웨스트 + 와일더 스파클링 화이트,West + Wilder Sparkling White,스파클링,0,1,2,블렌디드,꽃,레몬,파인애플
https://wine21.speedgabia.com/WINE_MST/TITLE/0167000/W0167003.jpg,라 까우드리나 아스티 '라 셀바티카',La Caudrina Asti 'La Selvatica',스파클링,5,4,2,모스카토,꽃,레몬,파인애플
https://wine21.speedgabia.com/WINE_MST/TITLE/0166000/W0166873.jpg,라 불 무스 루즈,La Bulle Moose Rousse,스파클링,0,2,2,블렌디드,꽃,레몬,베리
https://wine21.speedgabia.com/WINE_MST/TITLE/0166000/W0166872.jpg,라 불 무스 드 씨거,La Bulle Moose de Cigare,스파클링,0,2,2,블렌디드,꽃,베리,사과
https://wine21.speedgabia.com/WINE_MST/TITLE/0166000/W0166821.jpg,드보 뀌베 디,Devaux Cuvee D,스파클링,10,1,3,블렌디드,꽃,시나몬,크로와상
https://wine21.speedgabia.com/WINE_MST/TITLE/0166000/W0166819.jpg,드보 울트라 디,Devaux Ultra D,스파클링,13,1,3,블렌디드,꽃,돌, 
https://wine21.speedgabia.com/WINE_MST/TITLE/0166000/W0166817.jpg,샤를르 드 까자노브 브뤼,Charles de Cazanove Brut,스파클링,3,1,4,블렌디드,돌,레몬,숙성
https://wine21.speedgabia.com/WINE_MST/TITLE/0166000/W0166816.jpg,구스타브 로렌츠 크레망 알자스,Gustave Lorentz Cremant d'Alsace,스파클링,6,1,3,블렌디드,레몬,사과, 
https://wine21.speedgabia.com/WINE_MST/TITLE/0166000/W0166812.jpg,샤를르 드 까자노브 브뤼 로제,Charles de Cazanove Brut Rose,스파클링,4,1,2,블렌디드,베리,숙성,시나몬
https://wine21.speedgabia.com/WINE_MST/TITLE/0166000/W0166801.jpg,레 비뉴홍 디제 로제,Les Vignerons d'Ige Rose,스파클링,7,1,2,피노 누아,레몬,베리, 
https://wine21.speedgabia.com/WINE_MST/TITLE/0166000/W0166800.jpg,레 비뉴홍 디제 블랑 드 블랑,Les Vignerons d'Ige Blanc de Blancs,스파클링,8,1,2,샤르도네,돌,레몬,사과
https://wine21.speedgabia.com/WINE_MST/TITLE/0166000/W0166799.jpg,레 비뉴홍 디제 블랑,Les Vignerons d'Ige Blanc,스파클링,6,1,2,블렌디드,레몬,사과, 
https://wine21.speedgabia.com/WINE_MST/TITLE/0166000/W0166640.jpg,칸티나 꼴리 에오가네이 모스카토 스푸만테 돌체,Cantina Colli Euganei Moscato Spumante Dolce,스파클링,4,4,2,모스카토,숙성,파인애플, 
https://wine21.speedgabia.com/WINE_MST/TITLE/0166000/W0166638.png,르 꼰떼쎄 피노 로제 스푸만테 퀴베 브뤼,Le Contesse Pinot Rose Spumante Cuvee Brut,스파클링,1,1,2,블렌디드,꽃, , 
https://wine21.speedgabia.com/WINE_MST/TITLE/0166000/W0166637.png,르 꼰떼쎄 스푸만테 퀴베 엑스트라 드라이,Le Contesse Spumate Cuvee Extra Dry,스파클링,3,1,2,글레라,꽃,사과,파인애플
https://wine21.speedgabia.com/WINE_MST/TITLE/0166000/W0166636.jpg,르 꼰떼쎄 라보소 로제 스푸만테 브뤼,Le Contesse Raboso Rose Spumante Brut,스파클링,5,1,2,블렌디드,꽃,숙성,파인애플
https://wine21.speedgabia.com/WINE_MST/TITLE/0166000/W0166585.jpg,샤를 오르방 블랑 드 블랑,Charles Orban Blanc de Blancs,스파클링,15,1,3,샤르도네,레몬, , 
https://wine21.speedgabia.com/WINE_MST/TITLE/0166000/W0166584.jpg,샤를 오르방 블랑 드 누아,Charles Orban Blanc de Noirs,스파클링,14,1,3,블렌디드,사과,숙성,시나몬
https://wine21.speedgabia.com/WINE_MST/TITLE/0166000/W0166573.jpg,도멘 프리 바론 크레망 드 루아르,Domaine Pre Baron Cremant de Loire,스파클링,6,1,1,블렌디드,돌, , 
https://wine21.speedgabia.com/WINE_MST/TITLE/0166000/W0166567.jpg,파펫 델 마스 까바 브뤼 나뚜레,Papet del Mas Cava Brut Nature,스파클링,3,1,2,블렌디드,레몬,사과,숙성
https://wine21.speedgabia.com/WINE_MST/TITLE/0166000/W0166565.jpg,파펫 델 마스 까바 브뤼,Papet del Mas. Cava Brut,스파클링,3,1,2,블렌디드,레몬,사과,숙성
https://wine21.speedgabia.com/WINE_MST/IMAGE/0166000/T0166564_001.png,파펫 델 마스 까바 로제,Papet del Mas Cava Rose,스파클링,4,1,3,블렌디드,베리,숙성, 
https://wine21.speedgabia.com/WINE_MST/TITLE/0166000/W0166553.jpg,까디 라오 발도비아데네 밀레지마토 엑스트라 드라이,Ca'di Rajo Valdobbiadene Millesimato Extra Dry,스파클링,5,1,2,글레라,꽃,레몬,사과
https://wine21.speedgabia.com/WINE_MST/TITLE/0166000/W0166552.jpg,까디 라오 프로세코 브뤼,Ca'di Rajo Prosecco Brut,스파클링,3,1,1,글레라,꽃,사과,파인애플
https://wine21.speedgabia.com/WINE_MST/TITLE/0166000/W0166477.jpg,샴페인 코피네 자댕 소바쥬,Champagne Copinet Jardin Sauvage,스파클링,12,1,3,샤르도네,꽃,파프리카, 
https://wine21.speedgabia.com/WINE_MST/TITLE/0166000/W0166476.jpg,샴페인 코피네 블랑 드 블랑 브뤼,Champagne Copinet Blanc de Blancs Brut,스파클링,8,1,2,샤르도네,꽃,레몬,사과
https://wine21.speedgabia.com/WINE_MST/TITLE/0166000/W0166474.jpg,샴페인 코피네 EA 라 꼬까르드,Champagne Copinet EA La Cocarde Brut Nature,스파클링,13,1,3,샤르도네,돌,레몬,사과
https://wine21.speedgabia.com/WINE_MST/TITLE/0166000/W0166405.jpg,도멘 루 페레 에 피스 크레망 드 부르고뉴 블랑,Domaine Roux Pere & Fils Cremant de Bourgogne Blanc,스파클링,6,1,2,샤르도네,꽃,아몬드,크로와상
https://wine21.speedgabia.com/WINE_MST/TITLE/0166000/W0166382.jpg,아카데미아 프로세코 스푸만테 블루,Accademia Prosecco Spumante Blue,스파클링,5,2,2,글레라,꽃,레몬,사과
https://wine21.speedgabia.com/WINE_MST/TITLE/0166000/W0166378.jpg,베리 브라더스 & 러드 프로세코,Berry Bros. & Rudd Prosecco,스파클링,1,1,3,글레라,꽃,사과, 
https://wine21.speedgabia.com/WINE_MST/TITLE/0166000/W0166346.png,까땅 소바주 크레망 달자스 브뤼,Cattin Sauvage Cremant d'Alsace Brut,스파클링,7,1,2,피노 블랑,꽃, , 
https://wine21.speedgabia.com/WINE_MST/TITLE/0166000/W0166198.jpg,샴페인 르그레 로제 드 세니에 브뤼 나뛰레,Champagne Legret Rose de Saignee Brut Nature,스파클링,10,1,3,피노 뮈니에,레몬,베리,사과
https://wine21.speedgabia.com/WINE_MST/TITLE/0166000/W0166197.jpg,샴페인 르그레 로제 꼬롤르 브뤼,Champagne Legret Rose Corolle Brut,스파클링,7,2,3,블렌디드,레몬,베리,허브
https://wine21.speedgabia.com/WINE_MST/TITLE/0166000/W0166196.jpg,샴페인 르그레 밀레짐 브뤼 나뛰레,Champagne Legret Millesime Brut Nature,스파클링,11,1,3,블렌디드,꽃, , 
https://wine21.speedgabia.com/WINE_MST/TITLE/0166000/W0166195.jpg,샴페인 르그레 미네랄 블랑 드 블랑 엑스트라 브뤼,Champagne Legret Mineral Blanc de Blancs Extra Brut,스파클링,7,1,2,샤르도네,돌,레몬,오크통
https://wine21.speedgabia.com/WINE_MST/TITLE/0166000/W0166194.jpg,샴페인 르그레 데뀔리브르 엑스트라 브뤼,Champagne Legret Equilibre Extra Brut,스파클링,6,1,3,블렌디드,레몬,아몬드,파인애플
https://wine21.speedgabia.com/WINE_MST/TITLE/0166000/W0166193.jpg,샴페인 르그레 꽁트라스트 엑스트라 브뤼,Champagne Legret Contraste Extra Brut,스파클링,10,1,3,블렌디드,꽃,레몬,숙성
https://wine21.speedgabia.com/WINE_MST/TITLE/0166000/W0166186.jpg,베를루끼 '61 사텐,Berlucchi '61 Saten,스파클링,13,1,3,샤르도네,레몬,사과,파인애플
https://wine21.speedgabia.com/WINE_MST/TITLE/0166000/W0166185.jpg,베를루끼 '61 로제,Berlucchi '61 Rose,스파클링,13,1,3,블렌디드,베리,숙성, 
https://wine21.speedgabia.com/WINE_MST/TITLE/0166000/W0166122.jpg,도멘 뒤 팍퇴르 라 뷜르 뒤 팍퇴르,Domaine du Facteur La Bulle du Facteur,스파클링,8,1,3,슈냉 블랑,오크통, , 
https://wine21.speedgabia.com/WINE_MST/TITLE/0166000/W0166025.jpg,아덴기 발도미노 뀌베 브뤼,Ardenghi Valdomino Cuvee Brut,스파클링,4,1,1,글레라,꽃,사과, 
https://wine21.speedgabia.com/WINE_MST/TITLE/0166000/W0166005.jpg,얼바인 더 바로네즈 펫낫,Irvine The Baroness Pet-Nat,스파클링,6,1,2,블렌디드,레몬,숙성,오크통
https://wine21.speedgabia.com/WINE_MST/TITLE/0165000/W0165984.jpg,장 바부 '엘레강스' 크레망 드 리무 브뤼,Jean Babou 'Elegance' Cremant de Limoux Brut,스파클링,7,1,2,블렌디드,레몬, , 
https://wine21.speedgabia.com/WINE_MST/TITLE/0165000/W0165983.jpg,디아판 그랑 뀌베 블랑케뜨 드 리무 브뤼,Diaphane Grande Cuvee Blanquette de Limoux Brut,스파클링,6,1,3,블렌디드,꽃,사과,숙성
https://wine21.speedgabia.com/WINE_MST/TITLE/0165000/W0165982.jpg,아귈라 크레망 드 리무 브뤼,Aguila Cremant de Limoux Brut,스파클링,8,1,3,블렌디드,꽃,사과, 
https://wine21.speedgabia.com/WINE_MST/TITLE/0165000/W0165912.jpg,도멘 델마 뀌베 파시옹 크레망 드 리무 브뤼,Domaine Delmas Cuvee Passion Cremant de Limoux Brut,스파클링,5,1,2,블렌디드,돌,사과,아몬드
https://wine21.speedgabia.com/WINE_MST/TITLE/0165000/W0165911.jpg,도멘 델마 뀌베 트라디시옹 블랑케뜨 드 리무 브뤼,Domaine Delmas Cuvee Tradition Blanquette Limoux Brut,스파클링,4,1,2,블렌디드,꽃,레몬,사과
https://wine21.speedgabia.com/WINE_MST/TITLE/0165000/W0165888.jpg,오똘라티 모스카토 다스티,Ottolati Moscato d'Asti,스파클링,5,4,2,모스카토,사과,파인애플, 
https://wine21.speedgabia.com/WINE_MST/TITLE/0165000/W0165827.jpg,니콜라스 푸이야트 셀렉션 브뤼,Nicolas Feuilatte Selection Brut,스파클링,9,1,2,블렌디드,사과, , 
https://wine21.speedgabia.com/WINE_MST/TITLE/0165000/0165799.jpg,메디치 에르메테 페르멘토,Medici Ermete Phermento,스파클링,9,1,2,람브루스코 디 소르바라,베리,숙성, 
https://wine21.speedgabia.com/WINE_MST/TITLE/0165000/W0165778.jpg,콘데 데 카랄 브뤼 로사도,Conde de Caralt Brut Rosdo,스파클링,4,1,2,블렌디드,베리, , 
https://wine21.speedgabia.com/WINE_MST/TITLE/0165000/W0165777.jpg,콘데 데 카랄 브뤼,Conde de Caralt Brut,스파클링,4,1,3,블렌디드,사과,숙성, 
https://wine21.speedgabia.com/WINE_MST/TITLE/0165000/W0165752.jpg,무릴라 프락시스 스파클링 리슬링,Moorilla Praxis Sparkling Riesling,스파클링,9,1,3,리슬링,꽃,파인애플, 
https://wine21.speedgabia.com/WINE_MST/TITLE/0165000/W0165619.jpg,치엘로 나인 프리잔테 로사토,Cielo 9 Frizzante Rosato,스파클링,3,2,2,메를로,말린과일,베리, 
https://wine21.speedgabia.com/WINE_MST/TITLE/0165000/W0165618.jpg,치엘로 나인 프리잔테 비앙코,Cielo 9 Frizzante Bianco,스파클링,3,1,2,가르가네가,꽃, , 
https://wine21.speedgabia.com/WINE_MST/TITLE/0165000/W0165524.jpg,시크 바르셀로나 브뤼,Chic Barcelona Brut,스파클링,4,1,2,블렌디드,레몬,사과, 
https://wine21.speedgabia.com/WINE_MST/TITLE/0165000/W0165314.jpg,알타 비스타 엑스트라 브뤼 블랑 드 블랑,Alta Vista Extra Brut Blanc de Blancs,스파클링,2,1,2,샤르도네,사과,파인애플, 
https://wine21.speedgabia.com/WINE_MST/TITLE/0165000/W0165107.png,까사 델 토끼 코트 롤란 블랑 드 블랑,Casas del Toqui Court Rollan Blanc de Blancs,스파클링,5,1,3,샤르도네,레몬,파인애플, 
https://wine21.speedgabia.com/WINE_MST/TITLE/0165000/W0165033.jpg,캔사 까바 브뤼,Can Xa Cava Brut,스파클링,3,1,3,블렌디드,레몬,아몬드, 
https://wine21.speedgabia.com/WINE_MST/TITLE/0165000/W0165032.jpg,킴 크로포드 피즈,Kim Crawford Fizz,스파클링,9,1,3,블렌디드,레몬,파인애플, 
https://wine21.speedgabia.com/WINE_MST/TITLE/0165000/W0165021.jpg,샴페인 트리보 브뤼 오리진,Champagne Tribaut Brut Origine,스파클링,10,1,2,블렌디드,레몬,사과,숙성
https://wine21.speedgabia.com/WINE_MST/TITLE/0165000/W0165020.jpg,샴페인 트리보 블랑 드 샤르도네,Champagne Tribaut Blanc de Chardonnay,스파클링,11,1,2,샤르도네,꽃,돌,레몬
https://wine21.speedgabia.com/WINE_MST/TITLE/0165000/W0165019.jpg,샴페인 트리보 브뤼 프리미에 크뤼,Champagne Tribaut Brut Premier Cru,스파클링,11,1,2,블렌디드,사과, , 
https://wine21.speedgabia.com/WINE_MST/TITLE/0164000/W0164974.jpg,레 모레 스위트 화이트,Le Morre Sweet White,스파클링,3,4,2,모스카토,꽃,레몬,사과
https://wine21.speedgabia.com/WINE_MST/TITLE/0164000/W0164704.jpg,샤를 도떼일 샹빠뉴 브뤼 프리미에 크뤼,Charles Dauteuil Champagne Brut Premier Cru,스파클링,15,1,3,블렌디드,돌,사과, 
https://wine21.speedgabia.com/WINE_MST/TITLE/0164000/W0164629.jpg,베를루끼 '61 브뤼,Berlucchi '61 Brut,스파클링,10,1,2,블렌디드,레몬,사과, 
https://wine21.speedgabia.com/WINE_MST/TITLE/0164000/W0164563.jpg,카사노바 프로세코 브뤼,Casanova Prosecco Brut,스파클링,7,1,2,글레라,사과, , 
https://wine21.speedgabia.com/WINE_MST/TITLE/0164000/W0164515.jpg,자르데또 포르타 몬티카노,Zardetto Porta Monticano,스파클링,2,1,1,블렌디드,꽃, , 
https://wine21.speedgabia.com/WINE_MST/TITLE/0164000/W0164513.jpg,카스텔로 디 퀘르체토 스푸만테 프랑소와 두지엠 로제,Castello di QuercetoSpumante Francois lleme Rose,스파클링,5,1,3,블렌디드,숙성, , 
https://wine21.speedgabia.com/WINE_MST/TITLE/0164000/W0164498.jpg,페데리코 파테니나 까바 브뤼 스페셜 에디션,Federico Parternina Cava Brut Special Edition,스파클링,0,1,2,블렌디드,꽃,레몬,사과
https://wine21.speedgabia.com/WINE_MST/TITLE/0164000/W0164496.jpg,뻬띠엉 드 리스텔 복숭아,Petillant de Listel,스파클링,2,3,1,청포도 즙,사과, , 
https://wine21.speedgabia.com/WINE_MST/TITLE/0164000/W0164495.jpg,뵈브 드 베르네 아이스,Veuve du Vernay Ice,스파클링,4,1,2,블렌디드,꽃,레몬, 
https://wine21.speedgabia.com/WINE_MST/TITLE/0164000/W0164164.png,듀블 플러스,Dubl +,스파클링,10,2,2,그레코 비앙코,꽃,레몬, 
https://wine21.speedgabia.com/WINE_MST/TITLE/0164000/W0164159.png,보히가스 엑스트라 브뤼 그랑 리저브,Bohigas Extra Brut Gran Reserva,스파클링,4,1,2,블렌디드,돌,크로와상, 
https://wine21.speedgabia.com/WINE_MST/TITLE/0164000/W0164158.png,보히가스 브뤼 네이처 리제르바,Bohigas Brut Nature Reserva,스파클링,3,2,2,블렌디드,꽃,레몬, 
https://wine21.speedgabia.com/WINE_MST/TITLE/0164000/W0164040.jpg,루이 에슈너 크레망 드 보르도,Louis Eschenauer Cremant de Bordeaux,스파클링,4,1,2,블렌디드,레몬,사과,숙성
https://wine21.speedgabia.com/WINE_MST/TITLE/0164000/W0164037.jpg,빈센트 드 라가르드 트라디시옹,Vincnet de lagarde Tradition,스파클링,12,1,3,블렌디드,꽃,사과, 
https://wine21.speedgabia.com/WINE_MST/TITLE/0164000/W0164008.jpg,야닉 프레보토 까르트 도르,Yannick Prevoteau Carte d'Or,스파클링,12,1,3,블렌디드,사과, , 
https://wine21.speedgabia.com/WINE_MST/TITLE/0163000/W0163984.jpg,꽁까 도로 프로세코 뀌베 노빌레 브뤼,Conca d'oro Prosecco Cuvee Nobile Brut,스파클링,3,1,2,글레라,꽃,숙성, 
https://wine21.speedgabia.com/WINE_MST/TITLE/0163000/W0163981.jpg,꽁까 도로 프로세코 뀌베 오로 엑스트라 드라이 밀레시마또,Conca d'Oro Prosecco Cuvee Oro Extra Dry Millesimato,스파클링,3,1,3,글레라,사과, , 
https://wine21.speedgabia.com/WINE_MST/TITLE/0163000/W0163876.jpg,듀블 로제,Dubl Roe,스파클링,10,1,3,알리아니코,베리, , 
https://wine21.speedgabia.com/WINE_MST/TITLE/0163000/W0163838.png,바포레토 프로세코 브뤼,Vaporetto Prosecco Brut,스파클링,5,1,2,글레라,꽃,사과, 
https://wine21.speedgabia.com/WINE_MST/TITLE/0163000/W0163836.jpg,투유,TO YOU,스파클링,8,3,3,람브루스코,베리, , 
https://wine21.speedgabia.com/WINE_MST/TITLE/0163000/W0163833.jpg,오텔로 네로 디 람부르스코,Othello Nero di Lambrusco,스파클링,6,1,2,람브루스코 마에스트리,베리, , 
https://wine21.speedgabia.com/WINE_MST/TITLE/0163000/W0163829.png,마르케시 디 바롤로 브라케토 다퀴 '가티에',Marchesi di Barolo Brachetto d'Aqui 'Gatie',스파클링,7,4,3,브라케토,베리,숙성, 
https://wine21.speedgabia.com/WINE_MST/TITLE/0163000/W0163767.jpg,도미니오 데 라 베가 이딜리쿰 까바 브뤼,Dominio de La Vega Idilicum Cava Brut,스파클링,3,1,2,마카베오,레몬,사과, 
https://wine21.speedgabia.com/WINE_MST/TITLE/0163000/W0163679.jpg,도멘 피롱 크레망 드 부르고뉴,Domaine Piron Cremant de Bourgogne,스파클링,6,1,2,샤르도네,레몬,사과, 
https://wine21.speedgabia.com/WINE_MST/TITLE/0163000/W0163666.jpg,브라이드 밸리 로제 벨라,BRIDE VALLEY Rose Bella,스파클링,11,1,3,블렌디드,베리, , 
https://wine21.speedgabia.com/WINE_MST/TITLE/0163000/W0163665.jpg,브라이드 밸리 브뤼 리저브,BRIDE VALLEY Brut Reserve,스파클링,9,1,2,블렌디드,꽃,돌,사과
https://wine21.speedgabia.com/WINE_MST/TITLE/0163000/W0163635.jpg,토레스 뀌베 에스플렌도르 드 바든 케넷,Torres Cuvee Esplendor de Vardon Kennett,스파클링,10,1,4,블렌디드,돌,레몬,사과
https://wine21.speedgabia.com/WINE_MST/TITLE/0163000/W0163326.png,크리코바 뀌베 프레스티지 브뤼,Cricova Cuvee Prestige Brut,스파클링,6,1,3,블렌디드,꽃,사과,아몬드
https://wine21.speedgabia.com/WINE_MST/TITLE/0163000/W0163325.png,크리코바 피노 누아 엑스트라 브뤼,Cricova Pinot Noir Extra Brut,스파클링,6,1,4,피노 누아,돌,레몬,사과
https://wine21.speedgabia.com/WINE_MST/TITLE/0163000/W0163324.png,크리코바 크리세코 브뤼,Cricova Crisecco Brut,스파클링,2,1,2,페테아스카 알바,꽃,레몬,사과
https://wine21.speedgabia.com/WINE_MST/TITLE/0163000/W0163290.jpg,랜슬롯-피엔느 뀌베 아꼬르 마제 브뤼,Lancelot-Pienne Cuvee Accord Majeur Brut,스파클링,7,1,4,블렌디드,숙성,오크통,크로와상
https://wine21.speedgabia.com/WINE_MST/TITLE/0163000/W0163289.jpg,랜슬롯-피엔느 뀌베 드 라 따블르 롱드 엑스트라 브뤼,Lancelot-Pienne Cuvee de la Table Ronde Extra Brut,스파클링,7,1,4,샤르도네,돌,사과,오크통
https://wine21.speedgabia.com/WINE_MST/TITLE/0163000/W0163288.jpg,랜슬롯-피엔느 뀌베 트라디시옹 브뤼,Lancelot-Pienne Cuvee Tradition Brut,스파클링,7,1,3,블렌디드,사과, , 
https://wine21.speedgabia.com/WINE_MST/TITLE/0163000/W0163286.jpg,페르세발-파쥬 199,Perseval-Farge 199,스파클링,12,1,4,블렌디드,숙성,오크통, 
https://wine21.speedgabia.com/WINE_MST/TITLE/0163000/W0163285.jpg,페르세발-파쥬 뀌베 장-밥티스트,Perseval-Farge Cuvee Jean-Baptiste,스파클링,15,1,3,블렌디드,레몬,아몬드,크로와상
https://wine21.speedgabia.com/WINE_MST/TITLE/0163000/W0163284.jpg,페르세발-파쥬 C 드 피노,Perseval-Farge C. De Pinots,스파클링,8,1,3,블렌디드,숙성, , 
https://wine21.speedgabia.com/WINE_MST/TITLE/0163000/W0163281.png,카사 로호 무쏘 카바,Casa Rojo Musso Cava,스파클링,4,1,2,마카베오,레몬, , 
https://wine21.speedgabia.com/WINE_MST/TITLE/0163000/W0163236.jpg,시오스 브뤼 로제 레세르바,Sios Brut Rose Reserva,스파클링,10,1,3,피노 누아,말린과일,사과, 
https://wine21.speedgabia.com/WINE_MST/TITLE/0163000/W0163235.jpg,시오스 블랑 드 누아,Sios Blanc de Noirs,스파클링,11,1,3,피노 누아,꽃,시나몬,오크통
https://wine21.speedgabia.com/WINE_MST/TITLE/0163000/W0163218.jpg,카사 로호 몰토 네그레,Casa Rojo Molto Negre,스파클링,7,1,3,트레파트,꽃,레몬,크로와상
https://wine21.speedgabia.com/WINE_MST/TITLE/0163000/W0163215.jpg,듀블 브뤼,Duble Brut,스파클링,6,1,3,팔랑기나,사과, , 
https://wine21.speedgabia.com/WINE_MST/TITLE/0163000/W0163199.jpg,뱅상 꾸슈 엘레강스 엑스트라 브뤼,Vincent Couche Elegance Extra Brut,스파클링,14,1,3,블렌디드,사과, , 
https://wine21.speedgabia.com/WINE_MST/TITLE/0163000/W0163132.jpg,팔라찌 블랑 드 블랑 밀레시마토,Palazzi Blanc de Blancs Millesimato,스파클링,4,1,2,블렌디드,꽃,레몬,사과
https://wine21.speedgabia.com/WINE_MST/TITLE/0163000/W0163129.jpg,바타시올로 세테 카시네 코넬리아노 발도비아데네 프로세코 수페리오레,Batasiolo Sette Cascine Conegliano Valdobbiadene Prosecco Superiore,스파클링,7,1,2,글레라,사과,숙성, 
https://wine21.speedgabia.com/WINE_MST/TITLE/0163000/W0163110.jpg,미오네토 프로세코 브뤼,Mionetto Prosecco Brut,스파클링,6,1,3,글레라,사과,숙성, 
https://wine21.speedgabia.com/WINE_MST/TITLE/0163000/W0163109.jpg,또스띠 레드 아모레,Tosti Red Amore,스파클링,3,4,2,브라케토,꽃, , 
https://wine21.speedgabia.com/WINE_MST/TITLE/0163000/W0163102.jpg,벨스타 프로세코 컬트 엑스트라 드라이,Belstar Prosecco Cult Extra Dry,스파클링,5,1,2,블렌디드,꽃,레몬,사과
https://wine21.speedgabia.com/WINE_MST/TITLE/0163000/W0163079.jpg,칸티 아스티 세코 뀌베 C.21,Canti Asti Secco Cuvee C.21,스파클링,1,1,2,모스카토,꽃, , 
https://wine21.speedgabia.com/WINE_MST/TITLE/0163000/W0163071.jpg,FC 바르셀로나 까바 브뤼,FC Barcelona Cava Brut,스파클링,5,1,2,블렌디드,꽃, , 
https://wine21.speedgabia.com/WINE_MST/TITLE/0162000/W0162877.jpg,세르보 피스 까르떼 누아,Serveaux Fils Carte Noir,스파클링,12,1,3,블렌디드,꽃,숙성, 
https://wine21.speedgabia.com/WINE_MST/TITLE/0162000/W0162876.jpg,세르보 피스 로제 드 쎄니에,Serveaux Fils Rose de Saignee,스파클링,14,1,4,블렌디드,돌,베리, 
https://wine21.speedgabia.com/WINE_MST/TITLE/0162000/W0162845.jpg,로저 뿌이용 슈맹 뒤 부아,Roger Pouillon Chemin du Bois,스파클링,14,1,4,피노 누아,사과,숙성,오크통
https://wine21.speedgabia.com/WINE_MST/TITLE/0162000/W0162844.jpg,로저 뿌이용 브뤼 로제 프르미에 크뤼,Roger Pouillon Brut Rose Premier Cru,스파클링,8,1,4,피노 누아,꽃,베리,사과
https://wine21.speedgabia.com/WINE_MST/TITLE/0162000/W0162843.jpg,로저 뿌이용 '레 블랑쉬엔' 브뤼 나뚜르,Roger Pouillon 'Les Blanchiens' Brut Nature,스파클링,10,1,4,블렌디드,레몬,오크통, 
https://wine21.speedgabia.com/WINE_MST/TITLE/0162000/W0162842.jpg,로저 뿌이용 '레 발농' 아이 그랑 크뤼,Roger Pouillon 'Les Valnons' Ay Grand Cru,스파클링,10,1,4,샤르도네,레몬,사과,숙성
https://wine21.speedgabia.com/WINE_MST/TITLE/0162000/W0162841.jpg,로저 뿌이용 '레 떼르 프루아드' 브뤼 프르미에 크뤼,Roger Pouillon 'Les Terres Froides' Brut Premier Cru,스파클링,8,1,4,샤르도네,사과,오크통, 
https://wine21.speedgabia.com/WINE_MST/TITLE/0162000/W0162835.jpg,코넌드럼 스파클링 블랑 드 블랑,Conundrum Sparkling Blanc de Blanc,스파클링,6,1,3,블렌디드,돌,레몬,사과
https://wine21.speedgabia.com/WINE_MST/TITLE/0162000/W0162833.jpg,산다라 스파클링 로제,Sandara Sparkling Rose,스파클링,3,3,2,보발,베리, , 
https://wine21.speedgabia.com/WINE_MST/TITLE/0162000/W0162814.jpg,프레스코발디 브뤼,Frescobaldi Brut,스파클링,6,1,3,샤르도네,레몬,사과,파인애플
https://wine21.speedgabia.com/WINE_MST/TITLE/0162000/W0162801.jpg,산다라 샤도네이 사케 스파클링,Sandara Chardonnay Sake Sparkling,스파클링,1,3,2,샤르도네,꽃,사과,파인애플
https://wine21.speedgabia.com/WINE_MST/TITLE/0162000/W0162798.jpg,메르캣 까바 브뤼 네이처,Mercat Cava Brut Nature,스파클링,3,1,2,블렌디드,레몬,사과,숙성
https://wine21.speedgabia.com/WINE_MST/TITLE/0162000/W0162796.jpg,메르캣 까바 브뤼,Mercat Cava Brut,스파클링,3,1,2,블렌디드,사과,숙성, 
https://wine21.speedgabia.com/WINE_MST/TITLE/0162000/W0162776.jpg,페데리코 파테니나 까바 브뤼,Federico Paternina Cava Brut,스파클링,1,1,2,블렌디드,꽃,레몬,사과
https://wine21.speedgabia.com/WINE_MST/TITLE/0162000/W0162735.jpg,코르테 지아라 프로세코,Corte Giara Prosecco,스파클링,5,1,2,글레라,꽃,레몬,사과
https://wine21.speedgabia.com/WINE_MST/TITLE/0162000/W0162583.jpg,빌라 마르첼로 프로세코 밀레시마토 브뤼,Villa Marcello Prosecco Millesimato Brut,스파클링,5,1,2,블렌디드,꽃, , 
https://wine21.speedgabia.com/WINE_MST/TITLE/0162000/W0162582.jpg,콘트라또 밀레시마토 엑스트라 브뤼,Contratto Millesimato Extra Brut,스파클링,11,1,4,블렌디드,꽃,돌,레몬
https://wine21.speedgabia.com/WINE_MST/TITLE/0162000/W0162563.jpg,라 스콜카 솔다티 브뤼,La Scolca Soldati Brut,스파클링,6,1,2,코르테제,꽃,레몬,사과
https://wine21.speedgabia.com/WINE_MST/TITLE/0162000/W0162542.jpg,하디스 크레스트 스파클링,Hardys Crest Sparkling,스파클링,1,1,2,블렌디드,레몬,베리,숙성
https://wine21.speedgabia.com/WINE_MST/TITLE/0162000/W0162523.jpg,클로 몽블랑 카스틸로 드 몽블랑 까바 브뤼,Clos Montblanc Castillo de Montblanc Cava Brut,스파클링,4,1,3,블렌디드,레몬,크로와상, 
https://wine21.speedgabia.com/WINE_MST/TITLE/0162000/W0162521.jpg,클로 몽블랑 프로젝토 콰트로 까바 드미 섹,Clos Montblanc Proyecto Cu4ro Cava Demi Sec,스파클링,5,3,3,블렌디드,크로와상, , 
https://wine21.speedgabia.com/WINE_MST/TITLE/0162000/W0162514.jpg,까잘 가르시아 비뉴 베르데 스파클링 로제,Casal Garcia Vinho Verde Sparkling Rose,스파클링,4,2,2,블렌디드,꽃,베리, 
https://wine21.speedgabia.com/WINE_MST/TITLE/0162000/W0162513.jpg,까잘 가르시아 비뉴 베르데 스파클링 화이트,Casal Garcia Vinho Verde Sparkling White,스파클링,4,2,2,블렌디드,꽃,사과,파인애플
https://wine21.speedgabia.com/WINE_MST/TITLE/0162000/W0162473.jpg,베리 브라더스 & 러드 잉글리시 스파클링 와인,Berry Bros. & Rudd English Sparkling Wine,스파클링,4,1,2,블렌디드,숙성, , 
https://wine21.speedgabia.com/WINE_MST/TITLE/0162000/W0162460.jpg,메디치 에르메테 퀘르치올리 람브루스코 레지아노 스위트,Medici Ermete Quercioli Lambrusco Reggiano Sweet,스파클링,4,4,3,블렌디드,꽃, , 
https://wine21.speedgabia.com/WINE_MST/TITLE/0162000/W0162459.jpg,메디치 에르메테 다프네,Medici Ermete Daphne,스파클링,7,2,2,말바시아 디 칸디다,꽃,사과, 
https://wine21.speedgabia.com/WINE_MST/TITLE/0162000/W0162454.jpg,앙리 지로 에스쁘리 나뚜르 브뤼,Henri Giraud Esprit Nature Brut,스파클링,13,1,3,블렌디드,파인애플, , 
https://wine21.speedgabia.com/WINE_MST/TITLE/0162000/W0162416.jpg,루피노 프로세코 엑스트라 드라이,Ruffino Prosecco Extra Dry,스파클링,4,1,1,블렌디드,꽃,레몬,사과
https://wine21.speedgabia.com/WINE_MST/TITLE/0162000/W0162407.jpg,폴 로저 리치 드미 섹,Pol Roger Rich Demi Sec,스파클링,15,3,3,블렌디드,꽃,시나몬,오크통
https://wine21.speedgabia.com/WINE_MST/TITLE/0162000/W0162357.jpg,프레시넷 미아 푸르티&스위트,Freixenet Mia Fruity&Sweet,스파클링,1,4,2,블렌디드,사과, , 
https://wine21.speedgabia.com/WINE_MST/TITLE/0162000/W0162356.jpg,프레시넷 미아 프레시&크리스피,Freixenet Mia Fresh&Crisp,스파클링,1,4,1,뮈스까델,사과, , 
https://wine21.speedgabia.com/WINE_MST/TITLE/0162000/W0162335.jpg,트라피체 엑스트라버겐저 스파클링,Trapiche Extravaganza Sparkling,스파클링,4,2,3,토론테스,숙성,오크통, 
https://wine21.speedgabia.com/WINE_MST/TITLE/0162000/W0162329.jpg,데블스 코너 뀌베 브뤼,Devil's Corner Cuvee Brut,스파클링,5,1,3,블렌디드,레몬,사과, 
https://wine21.speedgabia.com/WINE_MST/TITLE/0162000/W0162324.jpg,크리스탈 드 보솔레이 메토드 트라디시오넬 프리미에 브뤼 1531,Crystal De Beausoleil Methode Traditionnelle Premier Brut 1531,스파클링,5,1,2,블렌디드,돌,레몬, 
https://wine21.speedgabia.com/WINE_MST/TITLE/0162000/W0162297.jpg,챠오 레몬 피치,Ciao Lemon Peach,스파클링,0,4,2,블렌디드,사과, , 
https://wine21.speedgabia.com/WINE_MST/TITLE/0162000/W0162238.jpg,도멘 생 미셸 브뤼 로제,Domaine Ste. Michelle Brut Rose,스파클링,4,1,4,블렌디드,베리,사과, 
https://wine21.speedgabia.com/WINE_MST/TITLE/0162000/W0162211.jpg,로저 뿌이용 브뤼 리저브,Roger Pouillon Brut Reserve,스파클링,11,1,3,블렌디드,꽃,말린과일,사과
https://wine21.speedgabia.com/WINE_MST/TITLE/0162000/W0162210.jpg,로저 뿌이용 솔레라,Roger Pouillon Solera,스파클링,13,1,3,블렌디드,꽃,사과, 
https://wine21.speedgabia.com/WINE_MST/TITLE/0162000/W0162209.jpg,지디 바이라 N.S. 델라 네베 로제,GD Vajra N.S. Della Neve Rosato,스파클링,5,1,3,블렌디드,사과,숙성, 
https://wine21.speedgabia.com/WINE_MST/TITLE/0162000/W0162205.jpg,그롱네 까르페 디엠 엑스트라 브뤼,Grongnet Carpe Diem Extra Brut,스파클링,10,1,3,블렌디드,사과,오크통,파인애플
https://wine21.speedgabia.com/WINE_MST/TITLE/0162000/W0162204.jpg,그롱네 까르페 디엠 브뤼,Grongnet Carpe Diem Brut,스파클링,9,1,3,블렌디드,사과,오크통, 
https://wine21.speedgabia.com/WINE_MST/TITLE/0162000/W0162203.jpg,브루노 미셸 뀌베 블랑쉬 브뤼,Bruno Michel Cuvee Blanche Brut,스파클링,10,1,3,블렌디드,사과, , 
https://wine21.speedgabia.com/WINE_MST/TITLE/0162000/W0162198.jpg,바로크 버블리 모스카토,Barokes Bubbly Moscato,스파클링,0,4,2,모스카토,꽃,레몬,베리
https://wine21.speedgabia.com/WINE_MST/TITLE/0162000/W0162187.jpg,까디 라오 엡실론 핑크 골드,Ca'di Rajo Epsilon Pink Gold,스파클링,6,2,3,블렌디드,꽃,레몬,베리
https://wine21.speedgabia.com/WINE_MST/TITLE/0162000/W0162180.jpg,테오필 브뤼,Theophile Brut,스파클링,12,1,3,블렌디드,꽃,숙성, 
https://wine21.speedgabia.com/WINE_MST/TITLE/0162000/W0162179.jpg,비비 그라츠 볼라마타,Bibi Graetz Bollamatta,스파클링,10,1,3,산지오베제,레몬,시나몬,아몬드
https://wine21.speedgabia.com/WINE_MST/TITLE/0162000/W0162178.jpg,뵈브 암발 블랑 드 블랑 브뤼,Veuve Ambal Blanc de Blancs Brut,스파클링,2,1,2,블렌디드,사과, , 
https://wine21.speedgabia.com/WINE_MST/TITLE/0162000/W0162177.jpg,뵈브 암발 블랑 드 블랑 드미섹,Veuve Ambal Blanc de Blancs Demi Sec,스파클링,2,3,2,블렌디드,사과, , 
https://wine21.speedgabia.com/WINE_MST/TITLE/0162000/W0162176.jpg,뵈브 암발 크레망 드 부르고뉴 그랑 뀌베 브뤼,Veuve Ambal Cremant de Bourgogne Grande Cuvee Brut,스파클링,5,1,3,블렌디드,꽃,레몬,오크통
https://wine21.speedgabia.com/WINE_MST/TITLE/0162000/W0162175.jpg,뵈브 암발 크레망 드 부르고뉴 그랑 뀌베 로제,Veuve Ambal Cremant de Bourgogne Grande Cuvee Rose,스파클링,5,1,3,블렌디드,꽃,베리, 
https://wine21.speedgabia.com/WINE_MST/TITLE/0162000/W0162174.jpg,뵈브 암발 크레망 드 부르고뉴 라 그랑 꼬뜨,Veuve Ambal Cremant de Bourgogne La Grande Cote,스파클링,5,1,3,블렌디드,돌,레몬,말린과일
https://wine21.speedgabia.com/WINE_MST/TITLE/0162000/W0162133.jpg,칸티 프로세코 아이스,Canti Prosecco ICE,스파클링,2,2,3,글레라,꽃,레몬,사과
https://wine21.speedgabia.com/WINE_MST/TITLE/0162000/W0162130.jpg,칸티 프로세코,Canti Prosecco,스파클링,1,1,3,글레라,꽃,레몬,사과
https://wine21.speedgabia.com/WINE_MST/TITLE/0162000/W0162128.jpg,장 마크 셀레크 레 솔리스트 엑스트라 브뤼,J.M. Seleque Les Solistes Extra Brut,스파클링,13,1,4,피노 뮈니에,사과,숙성,오크통
https://wine21.speedgabia.com/WINE_MST/TITLE/0162000/W0162127.jpg,장 마크 셀레크 파르티시옹 엑스트라 브뤼,J.M. Seleque Partition Extra Brut,스파클링,13,1,3,블렌디드,사과,숙성,오크통
https://wine21.speedgabia.com/WINE_MST/TITLE/0162000/W0162126.jpg,장 마크 셀레크 코메디아 엑스트라 브뤼,J.M. Seleque Commedia Extra Brut,스파클링,11,1,3,블렌디드,사과,숙성,오크통
https://wine21.speedgabia.com/WINE_MST/TITLE/0162000/W0162125.jpg,장 마크 셀레크 퀸텟 엑스트라 브뤼,J.M. Seleque Quintette Extra Brut,스파클링,10,1,3,샤르도네,사과,숙성,오크통
https://wine21.speedgabia.com/WINE_MST/TITLE/0162000/W0162107.jpg,미스팅게 까바 브뤼,Mistinguett Cava Brut,스파클링,5,1,3,블렌디드,사과,파인애플, 
https://wine21.speedgabia.com/WINE_MST/TITLE/0162000/W0162106.jpg,미스팅게 까바 브뤼 로제,Mistinguett Cava Brut Rose,스파클링,5,1,3,트레파트,꽃,베리, 
https://wine21.speedgabia.com/WINE_MST/TITLE/0162000/W0162070.jpg,플라티노 핑크 모스카토,Platino Pink Moscato,스파클링,2,4,2,블렌디드,꽃,파인애플, 
https://wine21.speedgabia.com/WINE_MST/TITLE/0162000/W0162069.jpg,플라티노 블루 모스카토,Platino Blue Moscato,스파클링,2,4,2,모스카토,꽃,사과,파인애플
https://wine21.speedgabia.com/WINE_MST/IMAGE/0162000/T0162062_001.png,타리마 모스카텔,Tarima Moscatel,스파클링,3,4,2,모스카텔,꽃,오크통, 
https://wine21.speedgabia.com/WINE_MST/TITLE/0162000/W0162055.jpg,본 샹스 모스카토 로제,Bonne Chance Moscato Rose,스파클링,2,4,2,모스카토,꽃,베리, 
https://wine21.speedgabia.com/WINE_MST/TITLE/0161000/W0161989.jpg,프로베토 로사토 세미-세코,Provetto Rosato Semi-Secco,스파클링,2,2,3,템프라니요,베리, , 
https://wine21.speedgabia.com/WINE_MST/TITLE/0161000/W0161946.jpg,코노 수르 센티넬라 브뤼,Cono Sur Centinela Brut,스파클링,2,1,3,샤르도네,꽃,돌,레몬
https://wine21.speedgabia.com/WINE_MST/TITLE/0161000/W0161945.jpg,코노 수르 스파클링 브뤼,Cono Sur Sparkling Brut,스파클링,3,1,3,블렌디드,꽃,돌,레몬
https://wine21.speedgabia.com/WINE_MST/TITLE/0161000/W0161944.jpg,코노 수르 스파클링 브뤼 로제,Cono Sur Sparkling Brut Rose,스파클링,3,1,3,피노 누아,꽃,돌, 
https://wine21.speedgabia.com/WINE_MST/TITLE/0161000/W0161912.jpg,투썩 점퍼 폭스 프로세코,Tussock Jumper Fox Prosecco,스파클링,3,1,2,글레라,사과,숙성,파인애플
https://wine21.speedgabia.com/WINE_MST/TITLE/0161000/W0161885.jpg,아얄라 로제 마져,Ayala Rose Majeur,스파클링,15,1,3,블렌디드,베리,사과, 
https://wine21.speedgabia.com/WINE_MST/TITLE/0161000/W0161884.jpg,아얄라 브뤼 마져,Ayala Brut Majeur,스파클링,12,1,3,블렌디드,꽃,레몬,사과
https://wine21.speedgabia.com/WINE_MST/TITLE/0161000/W0161853.jpg,모나리자 스푸만테,Monnalisa Spumante,스파클링,2,2,2,블렌디드,레몬,사과, 
https://wine21.speedgabia.com/WINE_MST/TITLE/0161000/W0161846.jpg,카스텔블랑 까바 엑스트라 브뤼,Castellblanc Cava Extra Brut,스파클링,3,1,2,블렌디드,숙성, , 
https://wine21.speedgabia.com/WINE_MST/TITLE/0161000/W0161845.jpg,카스텔블랑 까바 세코,Castellblanc Cava Seco,스파클링,3,3,3,블렌디드,레몬,사과, 
https://wine21.speedgabia.com/WINE_MST/TITLE/0161000/W0161844.jpg,카스텔블랑 까바 세미 세코,Castellblanc Cava Semi-Seco,스파클링,3,3,3,블렌디드,레몬,사과, 
https://wine21.speedgabia.com/WINE_MST/TITLE/0161000/W0161843.jpg,카스텔블랑 까바 브뤼,Castellblanc Cava Brut,스파클링,3,1,2,블렌디드,숙성, , 
https://wine21.speedgabia.com/WINE_MST/TITLE/0161000/W0161826.jpg,샤를 엘너 까르뜨 블랑쉐,Charles Ellner,스파클링,15,1,4,블렌디드,꽃,레몬,베리
https://wine21.speedgabia.com/WINE_MST/TITLE/0161000/W0161764.jpg,크루즈 스파클링 생 로랑,Sparkling St. Laurent,스파클링,11,1,3,생로랑,사과,숙성, 
https://wine21.speedgabia.com/WINE_MST/TITLE/0161000/W0161762.jpg,크루즈 랜초 스파클링 발디귀에,Cruse Rancho Sparkling Valdiguie,스파클링,11,1,3,발디기에,사과,숙성, 
https://wine21.speedgabia.com/WINE_MST/TITLE/0161000/W0161729.jpg,쿠바제 드 쿠바제 메토도 클라시코,Cuvage de Cuvage Metodo Classico,스파클링,9,1,3,블렌디드,사과, , 
https://wine21.speedgabia.com/WINE_MST/TITLE/0161000/W0161662.jpg,보히가스 까바 브뤼 로제,Bohigas Cava Brut Rosat,스파클링,3,1,3,블렌디드,꽃,말린과일,베리
https://wine21.speedgabia.com/WINE_MST/TITLE/0161000/W0161582.jpg,카스텔노 브뤼 리저브,Castelnau Brut Reserve,스파클링,11,1,3,블렌디드,사과, , 
https://wine21.speedgabia.com/WINE_MST/TITLE/0161000/W0161574.jpg,프랑수와 귀아바이레르 크레망 드 부르고뉴 브뤼,Francois Geisweiler Cremant de Bourgogne Brut,스파클링,4,1,2,블렌디드,레몬,숙성, 
https://wine21.speedgabia.com/WINE_MST/TITLE/0161000/W0161564.jpg,조이엘로 람부르스코 비앙코 아마빌레,Joiello Lambrusco Bianco Amabile,스파클링,2,3,2,블렌디드,사과, , 
https://wine21.speedgabia.com/WINE_MST/TITLE/0161000/W0161563.jpg,조이엘로 람부르스코 로사토 아마빌레,Joiello Lambrusco Rosato Amabile,스파클링,2,3,2,블렌디드,베리,사과, 
https://wine21.speedgabia.com/WINE_MST/TITLE/0161000/W0161562.jpg,조이엘로 람부르스코 로쏘 아마빌레,Joiello Lambrusco Rosso Amabile,스파클링,2,3,2,블렌디드,베리, , 
https://wine21.speedgabia.com/WINE_MST/TITLE/0161000/W0161516.jpg,산타 마게리타 프로세코 브뤼,Santa Margherita Prosecco Brut,스파클링,3,1,3,글레라,꽃,사과, 
https://wine21.speedgabia.com/WINE_MST/TITLE/0161000/W0161506.jpg,산다라 스파클링 화이트,Sandara Sparkling White,스파클링,3,3,2,블렌디드,꽃,레몬,파인애플
https://wine21.speedgabia.com/WINE_MST/TITLE/0161000/W0161505.jpg,산다라 스파클링 레드,Sandara Sparkling Red,스파클링,3,3,3,블렌디드,꽃,사과,시나몬
https://wine21.speedgabia.com/WINE_MST/TITLE/0161000/W0161503.jpg,산다라 와인 모히토,Sandara Wine Mojito,스파클링,3,3,2,블렌디드,레몬,사과,허브
https://wine21.speedgabia.com/WINE_MST/TITLE/0161000/W0161495.jpg,트라이마리,Traimari,스파클링,4,3,2,블렌디드,꽃,돌,레몬
https://wine21.speedgabia.com/WINE_MST/TITLE/0161000/W0161484.jpg,프로베토 화이트 브뤼,Provetto White Brut,스파클링,1,1,2,블렌디드,레몬, , 
https://wine21.speedgabia.com/WINE_MST/TITLE/0161000/W0161472.jpg,실레니 셀라 셀렉션 스파클링 소비뇽 블랑,Sileni Cellar Selection Sparkling Sauvignon Blanc,스파클링,6,1,3,소비뇽 블랑,레몬,파프리카, 
https://wine21.speedgabia.com/WINE_MST/TITLE/0161000/W0161424.jpg,샴페인 프린스 로랑,Champagne Prince Laurent,스파클링,12,1,3,블렌디드,아몬드, , 
https://wine21.speedgabia.com/WINE_MST/TITLE/0161000/W0161301.png,빌라 욜란다 모스카토 로제,Villa Jolanda Moscato Rose,스파클링,3,4,3,블렌디드,말린과일,베리,사과
https://wine21.speedgabia.com/WINE_MST/TITLE/0161000/W0161298.jpg,블루 피레네 빈티지 브릿,Blue Pyrenees Vintage Brut,스파클링,7,1,3,블렌디드,사과, , 
https://wine21.speedgabia.com/WINE_MST/TITLE/0161000/W0161294.jpg,까디 라오 엡실론 화이트,Ca'di Rajo Epsilon White,스파클링,5,1,3,글레라,꽃,레몬,사과
https://wine21.speedgabia.com/WINE_MST/TITLE/0161000/W0161273.jpg,캄포스 데 에스트렐라스 브뤼,Campos de Estellas Brut,스파클링,4,1,3,블렌디드,꽃,레몬,사과
https://wine21.speedgabia.com/WINE_MST/TITLE/0161000/W0161232.jpg,샴페인 보아랑 쥐멜 드미 섹 트라디시옹,Champagne Voirin Jumel Demi Sec Tradition,스파클링,13,3,3,블렌디드,아몬드, , 
https://wine21.speedgabia.com/WINE_MST/TITLE/0161000/W0161231.jpg,샴페인 보아랑 쥐멜 트라디시옹 브뤼,Champagne Voirin-Jumel Tradition Brut,스파클링,13,1,3,블렌디드,아몬드, , 
https://wine21.speedgabia.com/WINE_MST/TITLE/0161000/W0161225.jpg,팔로 알토 스파클링 브뤼,Palo Alto Sparkling Brut,스파클링,0,1,3,블렌디드,사과, , 
https://wine21.speedgabia.com/WINE_MST/TITLE/0161000/W0161166.jpg,돈나푸가타 브뤼,Donnafugata Brut,스파클링,8,1,2,블렌디드,꽃,돌,레몬
https://wine21.speedgabia.com/WINE_MST/TITLE/0161000/W0161096.jpg,샤또 수쉐리 크레망 드 르와르 로제 브뤼,Chateau Soucherie Cremant de Loire Rose Brut,스파클링,7,1,3,카베르네 프랑,꽃,사과, 
https://wine21.speedgabia.com/WINE_MST/TITLE/0161000/W0161087.jpg,몬테스 스파클링 앤젤 브뤼,Montes Sparkling Angel Brut,스파클링,5,1,3,블렌디드,레몬,숙성,아몬드
https://wine21.speedgabia.com/WINE_MST/TITLE/0161000/W0161063.jpg,도멘 브루노 소흐그 크레망 달자스,Domaine Bruno Sorg Cremant d'Alsace,스파클링,8,1,3,블렌디드,레몬,사과, 
https://wine21.speedgabia.com/WINE_MST/TITLE/0161000/W0161030.jpg,르 몽드 로제 브뤼,Le monde Rose Brut,스파클링,6,1,3,피노 네로,꽃,말린과일,베리
https://wine21.speedgabia.com/WINE_MST/TITLE/0161000/W0161021.jpg,벨리스코 까바 브뤼,Bellisco Cava Brut,스파클링,4,1,3,마카베오,레몬,사과, 
https://wine21.speedgabia.com/WINE_MST/TITLE/0161000/W0161012.jpg,다다 핑크,Dada Pink,스파클링,0,4,3,템프라니요,꽃,사과, 
https://wine21.speedgabia.com/WINE_MST/TITLE/0161000/W0161003.jpg,몽튀 페레 앤 필 밀레짐,Monthuys Pere & Fils Millesime,스파클링,15,1,4,블렌디드,사과, , 
https://wine21.speedgabia.com/WINE_MST/TITLE/0161000/W0161000.jpg,샴페인 트리보 로제,Champagne Tribaut Rose,스파클링,11,1,4,블렌디드,레몬, , 
https://wine21.speedgabia.com/WINE_MST/TITLE/0160000/W0160998.jpg,파이퍼 하이직 빈티지 브뤼,Piper Heidsieck Vintage Brut,스파클링,15,1,3,블렌디드,레몬,베리,사과
https://wine21.speedgabia.com/WINE_MST/TITLE/0160000/W0160966.jpg,샹드빌,Chamdeville,스파클링,1,3,2,아이렌,꽃,사과,파인애플
https://wine21.speedgabia.com/WINE_MST/TITLE/0160000/W0160929.jpg,아바찌아 블루문 모스카토,Abbazia Blue moon Moscato,스파클링,2,4,3,모스카토,꽃, , 
https://wine21.speedgabia.com/WINE_MST/TITLE/0160000/W0160911.jpg,슐로스 폴라즈 괴테 젝트 브뤼,Schloss Vollrads Goethe Sekt Brut,스파클링,12,1,3,리슬링,꽃,돌,레몬
https://wine21.speedgabia.com/WINE_MST/IMAGE/0160000/T0160789_001.png,르 꼰떼쎄 프로세코 수페리오레 발도비아데네 퀴베 엑스트라 드라이,Le Contesse Prosecco Superiore Valdobbiadene Cuvee Extra Dry,스파클링,5,1,2,글레라,꽃,사과,파인애플
https://wine21.speedgabia.com/WINE_MST/TITLE/0160000/W0160769.jpg,아카키스 로제 스파클링,Akakies Rose Sparkling,스파클링,5,1,3,시노마브로,베리, , 
https://wine21.speedgabia.com/WINE_MST/TITLE/0160000/W0160567.jpg,콘타리니 발세 스푸만테 모스카토 돌체,Contarini Valse Spumante Moscato Dolce,스파클링,2,4,3,모스카토,꽃,레몬, 
https://wine21.speedgabia.com/WINE_MST/TITLE/0160000/W0160019.jpg,스칼리올라 지오코 피오레,Scagliola Gioco Fiore,스파클링,2,4,3,브라케토,꽃,베리, 
https://wine21.speedgabia.com/WINE_MST/TITLE/0159000/W0159996.jpg,피치니 프로세코 비노 스푸만떼 엑스트라 드라이,Piccini Prosecco Vino Spumante Extra Dry,스파클링,2,2,2,프로세코,꽃,레몬,사과
https://wine21.speedgabia.com/WINE_MST/TITLE/0159000/W0159925.jpg,미안더 핑크 모스카토,Meander Pink Moscato,스파클링,0,4,3,모스카토,꽃,레몬,베리
https://wine21.speedgabia.com/WINE_MST/TITLE/0159000/W0159923.jpg,미안더 화이트 모스카토,Meander White Moscato,스파클링,0,4,2,모스카토,레몬,사과,숙성
https://wine21.speedgabia.com/WINE_MST/TITLE/0159000/W0159920.jpg,앙드레 끌루에 엉쥬르 드 1911,Andre Clouet Un Jour de 1911,스파클링,14,1,4,피노 누아,사과, , 
https://wine21.speedgabia.com/WINE_MST/TITLE/0159000/W0159919.jpg,앙드레 끌루에 밀레짐 브뤼,Andre Clouet Millesime Brut,스파클링,10,1,3,피노 누아,레몬,숙성,오크통
https://wine21.speedgabia.com/WINE_MST/TITLE/0159000/W0159910.jpg,빌까르 살몽 엑스트라 브뤼,Billecart Salmon Extra Brut,스파클링,10,1,2,블렌디드,꽃,레몬,크로와상
https://wine21.speedgabia.com/WINE_MST/TITLE/0159000/W0159779.jpg,운두라가 티티움 오리지날,Undurraga Titillum Original,스파클링,4,1,3,블렌디드,꽃,레몬,사과
https://wine21.speedgabia.com/WINE_MST/TITLE/0159000/W0159778.jpg,운두라가 스파클링 브뤼,Undurraga Sparkling Brut,스파클링,1,1,3,샤르도네,사과,파인애플, 
https://wine21.speedgabia.com/WINE_MST/TITLE/0159000/W0159777.jpg,운두라가 스파클링 드미섹,Undurraga Sparkling Demi Sec,스파클링,1,3,3,블렌디드,레몬,사과,파인애플
https://wine21.speedgabia.com/WINE_MST/TITLE/0159000/W0159733.jpg,러버스 와인 버블리 모스카토,Lovers Wine Bubbly Moscato,스파클링,0,4,2,모스카토,꽃,레몬,사과
https://wine21.speedgabia.com/WINE_MST/TITLE/0159000/W0159729.jpg,생 클레어 비카스 초이스 소비뇽 블랑 스파클링,Saint Clair Vicar's Choice Sauvignon Blanc Bubbles,스파클링,3,1,2,소비뇽 블랑,돌,레몬,베리
https://wine21.speedgabia.com/WINE_MST/IMAGE/0159000/T0159698_001.png,하셀그로브 에이치 스파클링 브뤼,Haselgrove H Sparkling Brut,스파클링,4,1,2,블렌디드,꽃,레몬,사과
https://wine21.speedgabia.com/WINE_MST/TITLE/0159000/W0159688.jpg,판티니 그랑 뀌베 로제 스와로브스키,Fantini Gran Cuvee Rose Swarovski,스파클링,7,1,3,알리아니코,베리, , 
https://wine21.speedgabia.com/WINE_MST/TITLE/0159000/W0159687.jpg,판티니 그랑 뀌베 비앙코 스와로브스키,Fantini Gran Cuvee Bianco Swarovski,스파클링,7,1,2,코코촐라,꽃,돌,레몬
https://wine21.speedgabia.com/WINE_MST/TITLE/0159000/W0159534.jpg,뻬레 벤뚜라 까바 브뤼 레세르바,Pere Ventura Cava Brut Reserva,스파클링,4,1,3,블렌디드,레몬,아몬드, 
https://wine21.speedgabia.com/WINE_MST/TITLE/0159000/W0159301.jpg,듀발 르루아 브뤼,Duval Leroy Brut,스파클링,13,1,3,블렌디드,사과, , 
https://wine21.speedgabia.com/WINE_MST/TITLE/0159000/W0159287.jpg,라 또르데라 브루네이 프로세코 수페리오레,La Tordera Brunei Prosecco Superiore,스파클링,5,1,3,블렌디드,꽃,사과,파인애플
https://wine21.speedgabia.com/WINE_MST/TITLE/0159000/W0159286.jpg,라 또르데라 사오미 프로세코,La Tordera Saomi Prosecco,스파클링,4,2,3,블렌디드,꽃,사과,시나몬
https://wine21.speedgabia.com/WINE_MST/TITLE/0159000/W0159285.jpg,라 또르데라 알네 프로세코 밀레지마토,La Tordera Alne Prosecco Millesimato,스파클링,4,1,3,블렌디드,사과,시나몬, 
https://wine21.speedgabia.com/WINE_MST/TITLE/0159000/W0159284.jpg,라 또르데라 가브리 로제 스푸만테,La Tordera Gabry Rose Spumante,스파클링,5,1,3,블렌디드,레몬,베리,사과
https://wine21.speedgabia.com/WINE_MST/TITLE/0159000/W0159198.jpg,마루가 레세르바 까바 브뤼 임페리얼,Marrugat Reserva Cava Brut Imperial,스파클링,6,1,3,블렌디드,크로와상, , 
https://wine21.speedgabia.com/WINE_MST/TITLE/0159000/W0159066.jpg,까시예로 델 디아블로 데블스 브뤼,Casillero del Diablo Devil's Brut,스파클링,4,1,3,블렌디드,돌,레몬, 
https://wine21.speedgabia.com/WINE_MST/TITLE/0159000/W0159051.jpg,시모네 페브르 크레망 드 부르고뉴 브뤼,Simonnet Febvre Cremant de Bourgogne Brut,스파클링,5,1,3,블렌디드,사과, , 
https://wine21.speedgabia.com/WINE_MST/TITLE/0159000/W0159047.jpg,빌라 요란다 아스티,Villa Jolanda Asti,스파클링,10,4,2,모스카토,허브, , 
https://wine21.speedgabia.com/WINE_MST/TITLE/0159000/W0159044.jpg,파이퍼 하이직 로제 소바쥬 브뤼,Piper Heidsieck Rose Sauvage Brut,스파클링,9,1,3,블렌디드,레몬,베리,시나몬
https://wine21.speedgabia.com/WINE_MST/TITLE/0159000/W0159029.jpg,오이스터 베이 뀌베 브뤼,Oyster Bay Cuvee Brut,스파클링,5,1,2,샤르도네,돌,레몬,사과
https://wine21.speedgabia.com/WINE_MST/TITLE/0158000/W0158942.jpg,콜 데 살리치 프로세코,Col de Salici Prosecco,스파클링,4,2,2,글레라,꽃,사과,숙성
https://wine21.speedgabia.com/WINE_MST/TITLE/0158000/W0158899.png,라 마르카 프로세코,La Marca Prosecco,스파클링,3,1,3,글레라,레몬,사과,숙성
https://wine21.speedgabia.com/WINE_MST/TITLE/0158000/W0158874.jpg,간치아 피노 디 피노 로제,Gancia Pinot Di Pinot Rose,스파클링,3,2,3,블렌디드,꽃,허브, 
https://wine21.speedgabia.com/WINE_MST/TITLE/0158000/W0158836.jpg,버디,Buddy,스파클링,0,4,5,모스카토,꽃,사과,파인애플
https://wine21.speedgabia.com/WINE_MST/TITLE/0158000/W0158536.jpg,로버트 몬다비 우드브릿지 브뤼,Robert Mondavi Woodbridge Brut,스파클링,3,1,3,샤르도네,레몬, , 
https://wine21.speedgabia.com/WINE_MST/TITLE/0158000/W0158151.jpg,디 지오르지오 루신데일 스파클링 메를로,Di Giorgio Lucindale Sparkling Merlot,스파클링,5,2,3,메를로,말린과일,사과, 
https://wine21.speedgabia.com/WINE_MST/TITLE/0158000/W0158061.jpg,비니 라 델리찌아 마스카레리 프로쎄코,Vini la delizia Mascareri Prosecco,스파클링,3,1,2,글레라,꽃,사과,숙성
https://wine21.speedgabia.com/WINE_MST/TITLE/0157000/W0157952.jpg,호메 세라 로사도 까바,Jaume Serra Rosado Cava,스파클링,3,1,3,블렌디드,베리,사과, 
https://wine21.speedgabia.com/WINE_MST/TITLE/0157000/W0157619.jpg,프란시스 포드 코폴라 소피아 블랑 드 블랑 브뤼,Francis Ford Coppola Sofia Blanc de Blancs Brut,스파클링,9,1,3,블렌디드,돌,레몬,파인애플
https://wine21.speedgabia.com/WINE_MST/TITLE/0157000/W0157475.jpg,심플리 핑크 모스카텔,Simply Pink Moscatel,스파클링,0,3,2,모스카텔,파인애플, , 
https://wine21.speedgabia.com/WINE_MST/TITLE/0157000/W0157448.jpg,스플렌디드 스파클링 엑스트라 드라이,Splendid Sparkling Extra Dry,스파클링,3,1,3,리슬링,사과, , 
https://wine21.speedgabia.com/WINE_MST/TITLE/0157000/W0157349.jpg,빌라누 브뤼 나투르 레세르바,Vilarnau Brut Nature Reserva,스파클링,5,1,3,블렌디드,사과,오크통,크로와상
https://wine21.speedgabia.com/WINE_MST/TITLE/0157000/W0157348.jpg,빌라누 브뤼 레세르바 가우디,Vilarnau Brut Reserva Gaudi,스파클링,4,2,2,블렌디드,꽃,사과,시나몬
https://wine21.speedgabia.com/WINE_MST/TITLE/0157000/W0157347.jpg,빌라누 브뤼 로제 레세르바,Vilarnau Brut Rose Reserva,스파클링,4,1,3,블렌디드,베리, , 
https://wine21.speedgabia.com/WINE_MST/TITLE/0157000/W0157346.jpg,빌라누 돔 뽀띠에 브뤼 나투르,Vilarnau Dom Potier Brut Nature,스파클링,3,1,2,블렌디드,사과,크로와상, 
https://wine21.speedgabia.com/WINE_MST/TITLE/0157000/W0157345.jpg,빌라누 브뤼,Vilarnau Brut,스파클링,1,2,2,블렌디드,꽃,사과,시나몬
https://wine21.speedgabia.com/WINE_MST/TITLE/0157000/W0157217.jpg,빈치오 발리오 세라 카스텔 델 마고 피노 샤도네이,Vinchio Vaglio Serra Castel del Mago Pinot Chardonnay,스파클링,5,2,2,블렌디드,레몬,파인애플, 
https://wine21.speedgabia.com/WINE_MST/TITLE/0157000/W0157190.jpg,마르케스 드 라 꼰꼬르디아 MM 까바 이스페셜 브뤼 로제,Marques de La Concordia MM Cava Especial Brut Rose,스파클링,4,1,2,블렌디드,베리, , 
https://wine21.speedgabia.com/WINE_MST/TITLE/0157000/W0157188.jpg,마르케스 드 라 꼰꼬르디아 MM 까바 이스페셜 브뤼,Marques de La Concordia MM Cava Especial Brut,스파클링,4,1,3,블렌디드,사과,숙성,허브
https://wine21.speedgabia.com/WINE_MST/TITLE/0157000/W0157066.jpg,브라이다 브라케토 다퀴,Braida Brachetto d'Acqui,스파클링,4,4,4,브라케토,꽃,베리, 
https://wine21.speedgabia.com/WINE_MST/TITLE/0156000/W0156869.jpg,샤또 드 라뚜르 프랑수아 라베 크레망 드 부르고뉴,Chateau de La Tour Francois Labet Cremant de Bourgogne,스파클링,5,1,2,피노 누아,꽃,레몬,사과
https://wine21.speedgabia.com/WINE_MST/TITLE/0156000/W0156779.jpg,슈램스버그 블랑 드 누아,Schramsberg Blanc de Noirs,스파클링,11,1,4,블렌디드,레몬,베리,사과
https://wine21.speedgabia.com/WINE_MST/TITLE/0156000/W0156777.png,슈램스버그 블랑 드 블랑,Schramsberg Blanc de Blanc,스파클링,11,1,3,샤르도네,꽃,레몬,사과
https://wine21.speedgabia.com/WINE_MST/TITLE/0156000/W0156593.jpg,빌라 크레스피아 프란치아코르타 누메로제로,Villa Crespia Franciacorta NumeroZero,스파클링,10,1,2,샤르도네,꽃,레몬, 
https://wine21.speedgabia.com/WINE_MST/TITLE/0156000/W0156592.jpg,빌라 크레스피아 프란치아코르타 브롤레제,Villa Crespia Franciacorta Brolese,스파클링,10,1,3,블렌디드,레몬, , 
https://wine21.speedgabia.com/WINE_MST/TITLE/0156000/W0156591.jpg,빌라 크레스피아 프란치아코르타 미올로,Villa Crespia Franciacorta Miolo,스파클링,9,1,2,샤르도네,꽃,사과, 
https://wine21.speedgabia.com/WINE_MST/TITLE/0156000/W0156441.jpg,보히가스 리제르바 까바 세미 섹,Bohigas Cava Semi Sec Reserva,스파클링,3,1,3,블렌디드,꽃,레몬,사과
https://wine21.speedgabia.com/WINE_MST/TITLE/0156000/W0156440.jpg,본 샹스 모스카토,Bonne Chance Moscato,스파클링,2,4,2,모스카토,꽃, , 
https://wine21.speedgabia.com/WINE_MST/TITLE/0156000/W0156206.jpg,메디치 에르메테 퀘르치올리 람브루스코 레지아노 드라이,Medici ERmete Quercioli Lambrusco Reggiano Dry,스파클링,4,2,3,블렌디드,꽃, , 
https://wine21.speedgabia.com/WINE_MST/TITLE/0156000/W0156205.jpg,메디치 에르메테 보춀로,Medici Ermete Bocciolo,스파클링,5,3,3,람브루스코 그라스파로사,꽃,베리,사과
https://wine21.speedgabia.com/WINE_MST/TITLE/0156000/W0156189.jpg,까나르 뒤센 오땅띡 브뤼,Canard Duchene Authentic Burt,스파클링,13,1,4,블렌디드,숙성, , 
https://wine21.speedgabia.com/WINE_MST/TITLE/0156000/W0156188.jpg,까나르 뒤센 오땅띡 빈티지,Canard Duchene Authentic Vintage,스파클링,15,1,5,샹파뉴 블렌드,돌, , 
https://wine21.speedgabia.com/WINE_MST/TITLE/0156000/W0156087.jpg,에멘디스 럭스 로제 까바 브뤼,Emendis Lux Rose Cava Brut,스파클링,3,1,3,피노 누아,꽃, , 
https://wine21.speedgabia.com/WINE_MST/TITLE/0156000/W0156054.jpg,파트리아 스파클링,Patria Sparkling,스파클링,3,2,2,블렌디드,꽃,레몬, 
https://wine21.speedgabia.com/WINE_MST/TITLE/0155000/W0155995.jpg,퀸 애들레이드 브뤼,Queen Adelaide Brut,스파클링,3,1,3,블렌디드,꽃,레몬,사과
https://wine21.speedgabia.com/WINE_MST/TITLE/0155000/W0155928.jpg,나인 닷 파이브 스위트 모스카토,Nine dot Five 9.5 Cold Wine Sweet Moscato,스파클링,3,4,2,모스카토,사과,허브, 
https://wine21.speedgabia.com/WINE_MST/TITLE/0155000/W0155872.jpg,알시나&사르다 세미 섹,Alsina & Sarda Semi-sec,스파클링,3,3,3,블렌디드,레몬,숙성, 
https://wine21.speedgabia.com/WINE_MST/TITLE/0155000/W0155871.jpg,알시나&사르다 브뤼 레제르바,Alsina & Sarda Brut Reserva,스파클링,3,1,3,블렌디드,레몬,숙성,크로와상
https://wine21.speedgabia.com/WINE_MST/TITLE/0155000/W0155811.jpg,호메 세라 브뤼 네이처 리제르바 빈티지 까바,Jaume Serra Brut Nature Reserva Vintage Cava,스파클링,4,1,3,블렌디드,레몬,사과,아몬드
https://wine21.speedgabia.com/WINE_MST/TITLE/0155000/W0155809.jpg,호메 세라 세미 세코 까바,Jaume Serra Semi Seco Cava,스파클링,3,3,2,블렌디드,꽃,레몬,사과
https://wine21.speedgabia.com/WINE_MST/TITLE/0155000/W0155808.jpg,호메 세라 브뤼 까바,Jaume Serra Brut Cava,스파클링,3,1,2,블렌디드,레몬,사과, 
https://wine21.speedgabia.com/WINE_MST/TITLE/0155000/W0155779.jpg,찰스 하이직 브뤼 리저브,Charles Heidsieck Brut Reserve,스파클링,13,1,4,블렌디드,사과,숙성,시나몬
https://wine21.speedgabia.com/WINE_MST/TITLE/0155000/W0155718.jpg,수마로카 브뤼 레세르바 그린,Sumarroca Brut Reserva Green,스파클링,4,1,3,블렌디드,레몬,사과, 
https://wine21.speedgabia.com/WINE_MST/TITLE/0155000/W0155717.jpg,수마로카 브뤼 나뚜레 그랑 레세르바,Sumarroca Brut Nature Gran Reserva,스파클링,3,1,3,블렌디드,숙성, , 
https://wine21.speedgabia.com/WINE_MST/TITLE/0155000/W0155716.jpg,수마로카 누리아 클라베롤 그랑 레세르바,Sumarroca Nuria Claverol Gran Reserva,스파클링,9,1,3,블렌디드,돌,레몬,말린과일
https://wine21.speedgabia.com/WINE_MST/TITLE/0155000/W0155673.jpg,폴 쉐노 블랑 드 블랑 까바 브뤼 리제르바,Paul Cheneau Blanc de Blanc Cava Brut Reserva,스파클링,6,1,3,블렌디드,숙성,아몬드,크로와상
https://wine21.speedgabia.com/WINE_MST/TITLE/0155000/W0155672.jpg,까바 레이디 오브 스페인,Cava Lady of Spain,스파클링,5,2,2,블렌디드,꽃, , 
https://wine21.speedgabia.com/WINE_MST/TITLE/0155000/W0155650.jpg,프라텔리 폰테 프로세코 엑스트라 드라이,Fratelli Ponte Prosecco Extra Dry,스파클링,6,1,3,글레라,꽃,사과,숙성
https://wine21.speedgabia.com/WINE_MST/TITLE/0155000/W0155560.jpg,파이니스트 피뇰레토,Finest Pignoletto,스파클링,2,1,2,피뇰레또,사과, , 
https://wine21.speedgabia.com/WINE_MST/TITLE/0155000/W0155553.jpg,파이니스트 빈티지 그랑 크뤼 샴페인,Finest Vintage Grand Cru Champagne,스파클링,9,1,4,샤르도네,레몬,크로와상, 
https://wine21.speedgabia.com/WINE_MST/TITLE/0155000/W0155480.jpg,프레스첼로 엑스트라 드라이 스푸만테,Freschello Extra Dry,스파클링,6,1,2,가르가네가,꽃,레몬,허브
https://wine21.speedgabia.com/WINE_MST/TITLE/0155000/W0155479.jpg,데오르 골드 엑스트라 드라이 스푸만테,Deor Gold Extra Dry Spumante,스파클링,10,1,2,블렌디드,레몬, , 
https://wine21.speedgabia.com/WINE_MST/TITLE/0155000/155426.jpg,간치아 프로세코,Gancia Prosecco,스파클링,3,2,3,프로세코,레몬, , 
https://wine21.speedgabia.com/WINE_MST/TITLE/0155000/W0155284.jpg,캐빗 산비질리오 모스카토 돌체,Cavit SanVigilio Moscato Dolce,스파클링,4,4,2,모스카토 지알로,꽃,시나몬, 
https://wine21.speedgabia.com/WINE_MST/TITLE/0155000/W0155252.jpg,꾸베 카스텔라 엑스트라 브뤼,Cuvee Castelar Extra Brut,스파클링,6,2,3,블렌디드,꽃,레몬,파인애플
https://wine21.speedgabia.com/WINE_MST/TITLE/0155000/W0155148.jpg,몰리두커 미스 몰리,Mollydooker Miss Molly,스파클링,8,2,4,시라/쉬라즈,베리,사과,오크통
https://wine21.speedgabia.com/WINE_MST/TITLE/0155000/W0155063.jpg,에멘디스 럭스 골드 브뤼,Emendis Lux Gold Brut,스파클링,3,1,3,블렌디드,아몬드, , 
https://wine21.speedgabia.com/WINE_MST/TITLE/0155000/W0155055.png,샴페인 드라피에 로제 브뤼,Champagne Drappier Rose Brut,스파클링,13,1,3,피노 누아,꽃,돌,베리
https://wine21.speedgabia.com/WINE_MST/TITLE/0155000/W0155049.jpg,샴페인 드라피에 까르뜨 도르 브뤼,Champagne Drappier Carte d'or Brut,스파클링,13,1,3,블렌디드,돌,레몬,사과
https://wine21.speedgabia.com/WINE_MST/TITLE/0154000/154731.jpg,까디 라오 엡실론 핑크,Ca'di Rajo Epsilon Pink,스파클링,9,1,3,글레라,꽃,레몬,베리
https://wine21.speedgabia.com/WINE_MST/TITLE/0154000/154687.jpg,꽁트리 스푸만티 카네바리 프로세코 큐베 스페셜 브뤼,Contri Spumanti Canevari Rrosecco Cuvee Special Brut,스파클링,5,1,2,글레라,꽃,사과, 
https://wine21.speedgabia.com/WINE_MST/TITLE/0154000/154686.jpg,꽁트리 스푸만티 코르테 비올라 모스카토 돌체,Contri Spumanti Corte Viola Moscato Dolce,스파클링,3,4,2,블렌디드,사과,파인애플, 
https://wine21.speedgabia.com/WINE_MST/TITLE/0154000/154678.jpg,까디 라오 엡실론 플래티늄,Ca'di Rajo Epsilon Platinum,스파클링,6,1,3,글레라,꽃,레몬,사과
https://wine21.speedgabia.com/WINE_MST/TITLE/0154000/154677.jpg,까디 라오 엡실론 블랙,Ca'di Rajo Epsilon Black,스파클링,5,1,2,글레라,꽃,레몬,사과
https://wine21.speedgabia.com/WINE_MST/TITLE/0154000/154676.jpg,까디 라오 엡실론 골드,Ca'di Rajo Epsilon Gold,스파클링,6,2,2,글레라,꽃,레몬,사과
https://wine21.speedgabia.com/WINE_MST/TITLE/0154000/W0154666.jpg,실레니 셀라 셀렉션 스파클링 브뤼,Sileni Cellar Selection Sparkling Brut,스파클링,6,1,3,샤르도네,사과,시나몬,크로와상
https://wine21.speedgabia.com/WINE_MST/TITLE/0154000/W0154564.jpg,자르데또 프로세코 수페리오레 폰데고 드라이,Zardetto Prosecco Superiore Fondego Dry,스파클링,4,1,2,글레라,사과,아몬드,파인애플
https://wine21.speedgabia.com/WINE_MST/TITLE/0154000/W0154563.jpg,자르데또 프라이빗 뀌베 브뤼,Zardetto Private Cuvee Brut,스파클링,2,1,2,블렌드,꽃,레몬,사과
https://wine21.speedgabia.com/WINE_MST/TITLE/0154000/W0154393.jpg,몽튀 페레 앤 필 브뤼 리저브,Monthuys Pere & Fils Brut Reserve,스파클링,12,1,4,블렌디드,사과, , 
https://wine21.speedgabia.com/WINE_MST/TITLE/0154000/154320.jpg,로레단 가스파리니 프로세코 브뤼,Loredan Gasparini Prosecco Brut,스파클링,4,1,2,프로세코,돌,사과,파인애플
https://wine21.speedgabia.com/WINE_MST/TITLE/0154000/W0154288.png,씨에르 다르끄 블라송 루즈 브뤼,Sieur d'Arques Blason Rouge Brut,스파클링,4,2,3,블렌디드,꽃,레몬,사과
https://wine21.speedgabia.com/WINE_MST/TITLE/0154000/W0154236.jpg,샹파뉴 델라모뜨 브뤼,Champagne Delamotte Brut,스파클링,11,1,3,블렌디드,꽃,레몬,숙성
https://wine21.speedgabia.com/WINE_MST/TITLE/0154000/W0154084.jpg,조셉 드라덴 코블렌츠 스파클링 트로켄,Josef Drathen Koblenz Sparkling Troken,스파클링,2,1,2,리슬링,사과, , 
https://wine21.speedgabia.com/WINE_MST/IMAGE/0154000/T0154071_001.png,또스띠 핑크 모스카토,Tosti Pink Moscato,스파클링,2,4,3,블렌디드,꽃,베리, 
https://wine21.speedgabia.com/WINE_MST/TITLE/0154000/W0154027.jpg,볼라 프로세코,Bolla Prosecco,스파클링,7,2,2,글레라,사과, , 
https://wine21.speedgabia.com/WINE_MST/TITLE/0154000/W0154020.jpg,간치아 모스카토 로제,Gancia Moscato Rose,스파클링,3,4,2,블렌디드,꽃,레몬,베리
https://wine21.speedgabia.com/WINE_MST/TITLE/0153000/W0153917.jpg,제이 빈야드 스파클링 뀌베 20,J Vineyards sparkling cuvee 20,스파클링,12,1,3,블렌디드,숙성, , 
https://wine21.speedgabia.com/WINE_MST/TITLE/0153000/W0153824.jpg,블랑케뜨 드 리무 안떼크,Blanquette de Limoux Antech,스파클링,3,1,4,블렌디드,꽃,사과, 
https://wine21.speedgabia.com/WINE_MST/TITLE/0153000/W0153804.jpg,로클랜드 초콜릿 박스 스파클링 쉬라즈,Rocland Chocolate Box Sparkling Shiraz,스파클링,3,2,4,시라/쉬라즈,사과,시나몬,오크통
https://wine21.speedgabia.com/WINE_MST/TITLE/0153000/W0153675.jpg,보데가 피놀드 디봉 브뤼,Bodegas Pinord Dibon Brut,스파클링,3,1,2,블렌디드,꽃,돌,사과
https://wine21.speedgabia.com/WINE_MST/TITLE/0153000/W0153673.jpg,마루가 까바 브뤼 셀렉시옹,Marrugat Cava Brut Selection,스파클링,4,1,3,블렌디드,꽃, , 
https://wine21.speedgabia.com/WINE_MST/TITLE/0153000/W0153642.jpg,에스엠더블유 리슬링 리저브 젝트,SMW Riesling Reserve Sekt,스파클링,12,1,4,리슬링,꽃,레몬,시나몬
https://wine21.speedgabia.com/WINE_MST/TITLE/0153000/W0153587.jpg,쉬르 다르크 버블 넘버원 핑크라벨,Sieur d'Arques Bubble No.1 Pink Label,스파클링,5,1,3,블렌디드,꽃,사과, 
https://wine21.speedgabia.com/WINE_MST/TITLE/0153000/W0153585.png,쉬르 다르크 버블 넘버원 로제,Sieur d'Arques Bubble No.1 Rose,스파클링,6,1,2,블렌디드,레몬,베리,사과
https://wine21.speedgabia.com/WINE_MST/TITLE/0153000/W0153502.jpg,깔베 크레망 드 보르도,Calvet Cremant De Bordeaux,스파클링,4,2,2,블렌디드,레몬,사과,크로와상
https://wine21.speedgabia.com/WINE_MST/TITLE/0153000/W0153483.jpg,빌라 마리아 프라이빗 빈 스파클링 소비뇽 블랑,Villa Maria PRIVATE BIN SPARKLING SAUVIGNON BLANC,스파클링,3,1,3,소비뇽 블랑,레몬,베리,파인애플
https://wine21.speedgabia.com/WINE_MST/TITLE/0153000/W0153458.jpg,로즈마운트 씨뷰 브뤼,Rosemount Seaview Brut,스파클링,3,1,2,블렌디드,레몬, , 
https://wine21.speedgabia.com/WINE_MST/TITLE/0153000/W0153444.jpg,미구엘 토레스 코디렐라 브뤼,Miguel Torres Cordillera Brut,스파클링,4,1,2,피노 누아,꽃,사과, 
https://wine21.speedgabia.com/WINE_MST/TITLE/0153000/W0153001.jpg,드 보톨리 트레비 패션,De Bortoli Trevi Passion,스파클링,1,4,3,블렌드,레몬,파인애플, 
https://wine21.speedgabia.com/WINE_MST/TITLE/0152000/W0152801.jpg,카이켄 브뤼,Kaiken Brut,스파클링,5,1,3,블렌디드,돌,사과,아몬드
https://wine21.speedgabia.com/WINE_MST/TITLE/0152000/W0152777.jpg,베소 까바 레세르바,Beso Cava Reserva,스파클링,3,1,3,블렌디드,레몬,오크통, 
https://wine21.speedgabia.com/WINE_MST/TITLE/0152000/W0152772.jpg,까델 보스코 프란치아코르타 뀌베 프레스티지 엑스트라 브뤼,Ca'del Bosco Franciacorta Cuvee Prestige Extra Brut,스파클링,10,1,3,블렌디드,사과,숙성,시나몬
https://wine21.speedgabia.com/WINE_MST/TITLE/0152000/W0152758.jpg,베르시 세리리니 프란치아 코르타 싸텐,Bersi Serlini Francia Corta Saten,스파클링,13,1,1,샤르도네,돌,레몬,사과
https://wine21.speedgabia.com/WINE_MST/TITLE/0152000/W0152755.jpg,레보비쯔 람부르스코 아마빌레,LEBOVITZ Lambrusco Amabile,스파클링,2,1,5,람브루스코,베리, , 
https://wine21.speedgabia.com/WINE_MST/TITLE/0152000/W0152566.jpg,데 스테파니 프로세코 제로,De Stefani Prosecco Zero,스파클링,7,1,3,글레라,꽃,사과,숙성
https://wine21.speedgabia.com/WINE_MST/TITLE/0152000/152400.jpg,까스텔 록 까바,Castell Roc Cava,스파클링,4,2,3,블렌디드,레몬,사과, 
https://wine21.speedgabia.com/WINE_MST/TITLE/0152000/W0152324.jpg,클로 몽블랑 프로젝토 콰트로 까바 브뤼 로제,Clos Montblanc Proyecto Cu4tro Cava Brut Rose,스파클링,5,1,3,블렌디드,꽃,레몬,베리
https://wine21.speedgabia.com/WINE_MST/TITLE/0152000/W0152323.jpg,클로 몽블랑 프로젝토 콰트로 까바 브뤼,Clos Montblanc Proyecto Cu4tro Cava Brut,스파클링,5,1,2,블렌디드,사과, , 
https://wine21.speedgabia.com/WINE_MST/TITLE/0152000/W0152301.jpg,라 피라미드 브뤼,La Pyramide Brut,스파클링,5,1,3,블렌디드,사과,숙성, 
https://wine21.speedgabia.com/WINE_MST/TITLE/0152000/W0152289.jpg,루이 로드레 브뤼 프리미에,Louis Roederer Brut Premier,스파클링,15,1,4,블렌디드,사과,숙성,아몬드
https://wine21.speedgabia.com/WINE_MST/TITLE/0152000/W0152258.jpg,라 셰또 장 발몽 브뤼,La Cheteau Jean Balmont Brut,스파클링,3,1,2,블렌디드,꽃, , 
https://wine21.speedgabia.com/WINE_MST/TITLE/0152000/W0152151.jpg,샴페인 포제 브리몽 브뤼 프리미에 크뤼,Champagne Forget Brimont Brut 1er Cru,스파클링,14,1,2,블렌디드,레몬,베리,사과
https://wine21.speedgabia.com/WINE_MST/TITLE/0152000/W0152150.jpg,샴페인 포제 브리몽 드미섹 프리미에 크뤼,Champagne Forget Broimont Demi-Sec 1er Cru,스파클링,14,2,2,블렌디드,꽃,사과, 
https://wine21.speedgabia.com/WINE_MST/TITLE/0152000/W0152147.jpg,자클린 드미섹,Jacqueline Demi-Sec,스파클링,3,3,2,블렌디드,꽃,레몬,사과
https://wine21.speedgabia.com/WINE_MST/TITLE/0152000/W0152146.jpg,자클린 브뤼,Jacqueline Brut,스파클링,3,1,2,블렌디드,돌,레몬,사과
https://wine21.speedgabia.com/WINE_MST/TITLE/0152000/W0152095.jpg,뛰느방 배드 걸,Thunevin Bad Girl,스파클링,7,1,2,블렌디드,레몬,사과,허브
https://wine21.speedgabia.com/WINE_MST/TITLE/0151000/W0151980.jpg,마르퀴스 드라 뚜르 브릇,Marquis de La Tour Brut,스파클링,4,1,3,블렌디드,꽃, , 
https://wine21.speedgabia.com/WINE_MST/TITLE/0151000/W0151979.jpg,액커만 엑스 누아 브릇 로제,Ackerman X-Noir Brut Rose,스파클링,7,4,4,슈냉 누아,꽃,레몬,사과
https://wine21.speedgabia.com/WINE_MST/TITLE/0151000/W0151889.jpg,샐먼 크릭 스파클링 브뤼,Salmon Creek Sparkling Brut,스파클링,3,1,2,샤르도네,레몬,사과,숙성
https://wine21.speedgabia.com/WINE_MST/TITLE/0151000/W0151744.jpg,웬티 브뤼 리저브,Wente Brut Reserve,스파클링,8,1,3,샤르도네,사과,시나몬, 
https://wine21.speedgabia.com/WINE_MST/TITLE/0151000/W0151564.jpg,아르파 솔시,Arpa Solsi,스파클링,12,1,3,샤르도네,레몬, , 
https://wine21.speedgabia.com/WINE_MST/TITLE/0151000/W0151488.jpg,프레시넷 레세르바 레알 브뤼,Freixenet Reserva Real Brut,스파클링,10,1,4,블렌디드,숙성,크로와상, 
https://wine21.speedgabia.com/WINE_MST/TITLE/0151000/W0151487.jpg,프레시넷 엘리시아 그란 뀌베 브뤼,Freixenet Elyssia Gran Cuvee Brut,스파클링,6,1,3,블렌디드,꽃,사과,숙성
https://wine21.speedgabia.com/WINE_MST/TITLE/0151000/W0151486.jpg,프레시넷 카르타 네바다,Freixenet Carta Nevada,스파클링,3,3,3,블렌디드,꽃,레몬,사과
https://wine21.speedgabia.com/WINE_MST/TITLE/0151000/W0151358.jpg,파이니스트 1531 블랑케뜨 드 리무,Finest 1531 Blanquette de Limoux,스파클링,4,1,1,블렌디드,사과,크로와상, 
https://wine21.speedgabia.com/WINE_MST/TITLE/0151000/W0151254.jpg,심플리 프로세코 스푸만테,Simply Prosecco Spumante,스파클링,0,1,1,프로세코,사과, , 
https://wine21.speedgabia.com/WINE_MST/TITLE/0151000/W0151228.jpg,파울 체네아우 골드버블즈 브뤼,Paul Cheneau Gold Bubbles Brut Cava,스파클링,4,1,2,블렌디드,꽃,숙성,아몬드
https://wine21.speedgabia.com/WINE_MST/TITLE/0151000/W0151199.jpg,하디스 스템프 스파클링,Hardys Stamp Sparkling,스파클링,3,1,3,블렌디드,베리, , 
https://wine21.speedgabia.com/WINE_MST/TITLE/0151000/W0151169.jpg,보히가스 리제르바 까바 브뤼,Bohigas Cava Brut Reserva,스파클링,3,2,3,블렌디드,사과, , 
https://wine21.speedgabia.com/WINE_MST/TITLE/0151000/W0151162.png,비솔 제이오 발도비아데네 프로세코 수페리오레 엑스트라 드라이,Bisol Jeio Valdobbiadene Prosecco Superiore Extra Dry,스파클링,7,3,2,블렌디드,꽃, , 
https://wine21.speedgabia.com/WINE_MST/TITLE/0151000/W0151161.jpg,벨스타 프로세코 브뤼,Belstar Prosecco Brut,스파클링,5,2,3,블렌디드,꽃,레몬,사과
https://wine21.speedgabia.com/WINE_MST/TITLE/0151000/W0151160.png,메디치 에르메테 콘체르토,Medici Ermete Concerto,스파클링,7,1,4,람브루스코 살라미노,꽃,베리,사과
https://wine21.speedgabia.com/WINE_MST/TITLE/0151000/W0151077.jpg,비솔 크레데 발도비아데네 프로세코 수페리오레 브뤼,Bisol Crede Valdobbiadene Prosecco Superiore Brut,스파클링,9,1,3,블렌디드,꽃,레몬,사과
https://wine21.speedgabia.com/WINE_MST/TITLE/0151000/W0151070.jpg,세구라 비우다스 아리아 브뤼 나뚜르,Segura Viudas Aria Brut Nature,스파클링,5,2,3,블렌디드,레몬,허브, 
https://wine21.speedgabia.com/WINE_MST/TITLE/0150000/W0150991.jpg,산테로 모스카토 스푸만테,Santero Moscato Spumante,스파클링,2,4,2,모스카토,베리,사과, 
https://wine21.speedgabia.com/WINE_MST/TITLE/0150000/150975.jpg,닥터 루젠 리슬링 스파클링,Dr.Loosen Riesling Sparkling,스파클링,4,3,2,리슬링,레몬,사과, 
https://wine21.speedgabia.com/WINE_MST/TITLE/0150000/W0150974.jpg,다다,DADA,스파클링,0,4,2,소비뇽 블랑,꽃,사과, 
https://wine21.speedgabia.com/WINE_MST/TITLE/0150000/W0150954.jpg,체비코 볼리 스푸만테 엑스트라드라이,Cevico Volli Spumante Extra Dry,스파클링,3,1,4,트레비아노,꽃,레몬,사과
https://wine21.speedgabia.com/WINE_MST/TITLE/0150000/W0150946.jpg,애므리 블랑케뜨 메쏘드 안세스트랄 스위트,Aimery Blanquette Methode Ancestrale Sweet,스파클링,4,5,3,모작,사과, , 
https://wine21.speedgabia.com/WINE_MST/TITLE/0150000/W0150945.jpg,애므리 블랑케뜨 드 리무 드미섹,Aimery Blanquette de Limoux Demi Sec,스파클링,4,3,3,블렌디드,꽃,레몬,사과
https://wine21.speedgabia.com/WINE_MST/TITLE/0150000/W0150944.jpg,애므리 클레망 드 리무,Aimery Cremant de Limoux,스파클링,4,1,3,블렌디드,꽃,레몬,사과
https://wine21.speedgabia.com/WINE_MST/TITLE/0150000/W0150943.jpg,키르 로얄,Kir Royal,스파클링,6,4,3,블렌디드,레몬,베리, 
https://wine21.speedgabia.com/WINE_MST/TITLE/0150000/W0150941.jpg,조셉 페리에 뀌베 로얄 드미 섹,Joseph Perrier Cuvee Royal Demi Sec,스파클링,15,3,3,블렌디드,꽃,말린과일,사과
https://wine21.speedgabia.com/WINE_MST/TITLE/0150000/W0150927.jpg,칸티나 꼴리 에오가네이 만조니 모스카토,Cantina Colli Euganei Manzoni Moscato,스파클링,3,4,2,만조니 모스카토,꽃,베리,사과
https://wine21.speedgabia.com/WINE_MST/TITLE/0150000/W0150860.jpg,폰테 모스카토 스푸만테,Fonte Moscato Spumante,스파클링,3,4,2,모스카토,사과, , 
https://wine21.speedgabia.com/WINE_MST/TITLE/0150000/W0150849.jpg,프린스 앙리 브릇,Prince Henry Brut,스파클링,2,1,2,블렌디드,꽃,사과, 
https://wine21.speedgabia.com/WINE_MST/TITLE/0150000/W0150784.jpg,바롱 퓌엔테 그랑 세파즈 뫼느에,Baron Fuente Grands Cepages Meunier,스파클링,15,2,3,피노 뮈니에,사과,숙성, 
https://wine21.speedgabia.com/WINE_MST/TITLE/0150000/W0150785.jpg,바롱 퓌엔테 그랑 세파즈 피노누와,Baron Fuente Grands Cepages Pinot Noir,스파클링,15,2,3,피노 누아,꽃,레몬,사과
https://wine21.speedgabia.com/WINE_MST/TITLE/0150000/W0150786.jpg,바롱 퓌엔테 트라디시옹 브뤼,Baron Fuente Tradition Brut,스파클링,10,1,2,블렌디드,사과,숙성, 
https://wine21.speedgabia.com/WINE_MST/TITLE/0150000/W0150753.jpg,아리온 브라케토 돌체,Arione Brachetto Dolce,스파클링,3,4,3,블렌디드,사과, , 
https://wine21.speedgabia.com/WINE_MST/TITLE/0150000/W0150714.jpg,프레시넷 꼬든 네그로 까바 브뤼,Freixenet Cordon Negro Cava Brut,스파클링,3,2,2,블렌디드,레몬,사과,파인애플
https://wine21.speedgabia.com/WINE_MST/TITLE/0150000/W0150713.jpg,알레냐 리제르바 까바 브뤼,Alenya Reserva Cava Brut,스파클링,3,1,2,블렌디드,레몬,사과,파인애플
https://wine21.speedgabia.com/WINE_MST/TITLE/0150000/W0150693.jpg,그랑 뀌베 1531 브뤼,Grande Cuvee 1531 Brut,스파클링,5,1,4,블렌디드,레몬,사과,크로와상
https://wine21.speedgabia.com/WINE_MST/TITLE/0150000/W0150691.jpg,핑크 앨리펀트 스파클링 로제,Pink Elephant Sparkling Rose,스파클링,3,2,2,블렌디드,베리,허브, 
https://wine21.speedgabia.com/WINE_MST/TITLE/0150000/W0150482.png,TG 달리 에디션 까바 브뤼 로사도,Torre Galatea Brut Rosado Cava,스파클링,7,2,2,블렌디드,베리, , 
https://wine21.speedgabia.com/WINE_MST/TITLE/0150000/W0150397.jpg,간치아 스깔라또 브라께또 다뀌,Gancia Scarlatto Brachetto d'Acqui,스파클링,4,4,3,브라케토,꽃, , 
https://wine21.speedgabia.com/WINE_MST/TITLE/0150000/W0150370.jpg,알베르 비쇼 크레망 드 부르고뉴 브뤼 로제,Albert Bichot Cremant de Bourgogne Brut Rose,스파클링,7,1,1,블렌디드,레몬,사과, 
https://wine21.speedgabia.com/WINE_MST/TITLE/0150000/W0150369.jpg,알베르 비쇼 브뤼 리저브,Albert Bichot Brut Reserve,스파클링,7,1,2,블렌디드,꽃,레몬,사과
https://wine21.speedgabia.com/WINE_MST/TITLE/0150000/W0150258.jpg,산타 디그나 에스텔라도 로제,Santa Digna Estelado Rose,스파클링,3,2,2,파이스,꽃,레몬, 
https://wine21.speedgabia.com/WINE_MST/TITLE/0150000/W0150210.jpg,코도르뉴 바흐 로제 까바,Codorniu Bach Rose Cava,스파클링,6,2,2,블렌디드,말린과일,베리, 
https://wine21.speedgabia.com/WINE_MST/TITLE/0150000/W0150209.jpg,코도르뉴 그랑 바흐,Codorniu Gran Bach,스파클링,5,1,3,블렌디드,꽃,레몬,사과
https://wine21.speedgabia.com/WINE_MST/TITLE/0150000/W0150201.jpg,파이니스트 비솔 프로세코,Finest Bisol Prosecco,스파클링,3,1,3,프로세코,꽃,사과,크로와상
https://wine21.speedgabia.com/WINE_MST/TITLE/0149000/W0149999.jpg,아리온 피노누아 샤도네 브뤼,Arione Pinot Noir Chardonnay Brut,스파클링,2,1,3,블렌디드,꽃, , 
https://wine21.speedgabia.com/WINE_MST/TITLE/0149000/W0149961.jpg,엠 까바 셀렉션 이스페셜 로제 1882,MM CAVA Selection Especial Rose 1882,스파클링,3,4,2,블렌디드,베리, , 
https://wine21.speedgabia.com/WINE_MST/TITLE/0149000/W0149960.jpg,엠 까바 셀렉션 이스페셜 브뤼 1882,MM CAVA Selection Especial Brut 1882,스파클링,3,1,2,블렌디드,사과,숙성,허브
https://wine21.speedgabia.com/WINE_MST/TITLE/0149000/W0149862.jpg,모엣 샹동 임페리얼,Moet & Chandon Imperial,스파클링,7,1,2,블렌디드,레몬,사과,크로와상
https://wine21.speedgabia.com/WINE_MST/TITLE/0149000/W0149843.jpg,코키 알타 랑가 블랑 드 블랑,Cocchi Alta Langa Bianc 'd Bianc,스파클링,13,1,2,샤르도네,레몬, , 
https://wine21.speedgabia.com/WINE_MST/TITLE/0149000/W0149703.jpg,도미니오 데 깔레스 까바 브뤼,Dominio de Calles Cava Brut,스파클링,3,1,2,블렌디드,오크통, , 
https://wine21.speedgabia.com/WINE_MST/TITLE/0149000/W0149675.jpg,마끼 달메라 드미 섹,Marquis d'Almeras Demi Sec,스파클링,1,3,3,뮈스까,꽃,레몬,숙성
https://wine21.speedgabia.com/WINE_MST/TITLE/0149000/W0149661.jpg,앙드레 끌루에 그랑 리저브 브뤼,Andre Clouet Grande Reserve Brut,스파클링,7,1,4,피노 누아,돌,사과, 
https://wine21.speedgabia.com/WINE_MST/TITLE/0149000/W0149493.jpg,빈치오 발리오 세라 카스텔 델 마고 스푸만테 브뤼,Vinchio-Vaglio Serra Castel del Mago Spumante Brut,스파클링,4,2,3,피노 네로,레몬,사과,파인애플
https://wine21.speedgabia.com/WINE_MST/TITLE/0149000/W0149491.jpg,빈치오 발리오 세라 니바스코 브라퀘토,Vinchio-Vaglio Serra Nivasco Brachetto,스파클링,4,4,3,브라케토,꽃,베리, 
https://wine21.speedgabia.com/WINE_MST/TITLE/0149000/W0149434.jpg,프라골리뇨 트웬티 파이브,Fragolino Twenty Five,스파클링,2,2,3,블렌드,베리, , 
https://wine21.speedgabia.com/WINE_MST/TITLE/0149000/W0149415.jpg,페라리 페를,Ferrari Perle,스파클링,15,2,4,샤르도네,사과,아몬드, 
https://wine21.speedgabia.com/WINE_MST/TITLE/0149000/W0149317.jpg,트리벤토 드미 섹,Trivento Demi sec,스파클링,2,3,2,블렌디드,꽃,사과,숙성
https://wine21.speedgabia.com/WINE_MST/TITLE/0149000/W0149316.jpg,트리벤토 브뤼 네이쳐,Trivento Brut nature,스파클링,4,1,2,블렌디드,사과, , 
https://wine21.speedgabia.com/WINE_MST/IMAGE/0149000/T0149243_001.png,앙드레 끌루에 브뤼 나뛰르 실버,Andre Clouet Brut Nature Silver,스파클링,8,1,3,피노 누아,레몬,사과, 
https://wine21.speedgabia.com/WINE_MST/TITLE/0148000/W0148870.jpg,투왈라틴 에스테이트 세미 스파클링 머스켓 쁘리짠떼,Tualatin Estate Semi-Sparkling Muscat Frizzante,스파클링,6,3,3,뮈스까,꽃,레몬,사과
https://wine21.speedgabia.com/WINE_MST/TITLE/0148000/W0148867.jpg,로씨니,Rossini,스파클링,0,4,2,블렌디드,돌,사과,파인애플
https://wine21.speedgabia.com/WINE_MST/TITLE/0148000/W0148864.jpg,쌩떼바지오 브라케토 다뀌,Sant'Evasio Brachetto d'Acqui,스파클링,6,4,3,브라케토,꽃, , 
https://wine21.speedgabia.com/WINE_MST/TITLE/0148000/W0148654.jpg,샤또 수쉐리 크레망 드 르와르 브뤼,Chateau Soucherie Cremant de Loire Brut,스파클링,6,1,3,블렌디드,꽃,사과, 
https://wine21.speedgabia.com/WINE_MST/TITLE/0148000/148650.jpg,멈 밀레짐,G.H Mumm Millesime,스파클링,13,1,4,블렌디드,레몬,사과,크로와상
https://wine21.speedgabia.com/WINE_MST/TITLE/0148000/W0148510.jpg,모엣 샹동 로제 임페리얼,Moet & Chandon Rose Imperial,스파클링,8,1,3,블렌디드,꽃,시나몬, 
https://wine21.speedgabia.com/WINE_MST/TITLE/0148000/W0148305.jpg,오페라 로제,Opera Rose,스파클링,2,2,2,블렌드,베리, , 
https://wine21.speedgabia.com/WINE_MST/TITLE/0148000/W0148304.jpg,브라운 브라더스 지비뽀 로사,Brown Brothers Zibibbo Rosa,스파클링,4,4,3,블렌디드,베리,파인애플, 
https://wine21.speedgabia.com/WINE_MST/TITLE/0148000/W0148205.jpg,버니니 클래식,Bernini Classic,스파클링,0,4,1,모스카토,꽃,레몬,숙성
https://wine21.speedgabia.com/WINE_MST/TITLE/0148000/W0148062.jpg,플로르 드 모스카토,Flore de Moscato,스파클링,4,4,2,모스카토,레몬, , 
https://wine21.speedgabia.com/WINE_MST/TITLE/0148000/W0148061.jpg,모스카토 루비노,Moscato Rubino,스파클링,4,4,3,모스카토,사과, , 
https://wine21.speedgabia.com/WINE_MST/TITLE/0148000/W0148047.jpg,엘렉트라 레드,Electra Red,스파클링,2,3,3,블렌디드,사과, , 
https://wine21.speedgabia.com/WINE_MST/TITLE/0148000/W0148039.jpg,알베르 비쇼 크레망 드 부르고뉴 브뤼 리져브,Albert Bichot Cremant de Bourgogne Brut Reserve,스파클링,8,1,3,블렌디드,꽃,레몬,사과
https://wine21.speedgabia.com/WINE_MST/TITLE/0147000/W0147956.jpg,끌로 몽블랑 까바 브뤼 로제,Clos Montblanc Cava Brut Rose,스파클링,3,2,2,블렌디드,베리, , 
https://wine21.speedgabia.com/WINE_MST/TITLE/0147000/W0147938.jpg,조셉 페리에 뀌베 로얄 브뤼,Joseph Perrier Cuvee Royal Brut,스파클링,13,1,3,블렌디드,사과,시나몬, 
https://wine21.speedgabia.com/WINE_MST/TITLE/0147000/W0147923.jpg,까델 보스코 뀌베 프레스티지 로제,Ca'del Bosco Cuvee Prestige Rose,스파클링,15,1,4,블렌디드,사과,숙성, 
https://wine21.speedgabia.com/WINE_MST/TITLE/0147000/W0147617.jpg,룽가로티 모스카토 스푸만테 골드 라벨,Lungarotti Moscato Spumante Gold Label,스파클링,4,4,2,모스카토 지알로,레몬,사과,허브
https://wine21.speedgabia.com/WINE_MST/TITLE/0147000/W0147580.jpg,돈 루시아노 모스카토,Don Luciano Moscato,스파클링,2,4,2,모스카토,레몬,사과, 
https://wine21.speedgabia.com/WINE_MST/TITLE/0147000/W0147561.jpg,테스코 아스티 스푸만테,Tesco Asti Spumante,스파클링,1,4,2,모스카토,레몬, , 
https://wine21.speedgabia.com/WINE_MST/TITLE/0147000/W0147542.jpg,쿡스 브뤼,Cooks Brut,스파클링,2,1,3,샤르도네,사과, , 
https://wine21.speedgabia.com/WINE_MST/TITLE/0147000/W0147508.jpg,아니스톤 베이 스파클링 브뤼,Arniston Bay Sparkling Brut,스파클링,3,2,3,콜롱바르,시나몬,파인애플, 
https://wine21.speedgabia.com/WINE_MST/TITLE/0147000/W0147354.jpg,빌라 산디 프로세코 뀌베 오리스,Villa Sandi Prosecco Cuvee Oris,스파클링,3,1,3,프로세코,꽃,사과,파인애플
https://wine21.speedgabia.com/WINE_MST/TITLE/0147000/W0147350.jpg,산테로 첼린지 브뤼,Santero Challenge Brut,스파클링,1,1,2,블렌디드,꽃, , 
https://wine21.speedgabia.com/WINE_MST/TITLE/0147000/W0147207.jpg,콘타디 까스탈디 프란치아꼬르타 제로,Contadi Castaldi Franciacorta Zero,스파클링,13,1,3,블렌디드,꽃,돌,레몬
https://wine21.speedgabia.com/WINE_MST/TITLE/0147000/W0147206.jpg,콘타디 까스탈디 프란치아꼬르타 브뤼 스틸레,Contadi Castaldi Franciacorta Brut Stile,스파클링,8,1,3,블렌디드,꽃,숙성,시나몬
https://wine21.speedgabia.com/WINE_MST/TITLE/0147000/W0147192.jpg,쉬르 다르크 버블 넘버원,Sieur d'Arques Bubble No.1,스파클링,6,1,2,블렌디드,꽃,사과,오크통
https://wine21.speedgabia.com/WINE_MST/TITLE/0147000/W0147186.jpg,라 몬테끼아 피오르 다란치오,La Montecchia Fior d'Arancio,스파클링,5,4,2,모스카토,레몬, , 
https://wine21.speedgabia.com/WINE_MST/TITLE/0146000/W0146981.jpg,발레벨보 브라께또,Vallebelbo Brachetto,스파클링,2,4,2,브라케토,꽃,사과, 
https://wine21.speedgabia.com/WINE_MST/TITLE/0146000/W0146980.jpg,또스띠 모스카토 스푸만테,Tosti Moscato Spumante,스파클링,2,4,3,모스카토,사과,파인애플, 
https://wine21.speedgabia.com/WINE_MST/TITLE/0146000/W0146978.jpg,또스띠 브리오 로쏘,Tosti Brio Rosso,스파클링,2,4,2,블렌디드,꽃,레몬,베리
https://wine21.speedgabia.com/WINE_MST/TITLE/0146000/146949.jpg,멈 로제,Mumm Rose,스파클링,12,1,4,블렌디드,꽃,시나몬, 
https://wine21.speedgabia.com/WINE_MST/TITLE/0146000/W0146833.jpg,벨라비스타 알마 그랑 뀌베,Bellavista Alma Gran Cuvee,스파클링,11,1,3,블렌디드,꽃,사과,시나몬
https://wine21.speedgabia.com/WINE_MST/TITLE/0146000/W0146683.jpg,테스코 빈티지 샴페인,Tesco Vintage Champagne,스파클링,8,1,3,블렌디드,허브, , 
https://wine21.speedgabia.com/WINE_MST/TITLE/0146000/W0146682.jpg,테스코 샴페인 드미 섹,Tesco Champagne Demi Sec,스파클링,5,3,2,블렌디드,숙성,파인애플, 
https://wine21.speedgabia.com/WINE_MST/TITLE/0146000/W0146681.jpg,산테로 테스코 모스카토 스푸만테,Santero Tesco Moscato Spumante,스파클링,1,4,2,모스카토,꽃, , 
https://wine21.speedgabia.com/WINE_MST/TITLE/0146000/W0146594.jpg,파트리찌 피에몬테 브라께토,Patritzi Piemonte Brachetto,스파클링,6,4,4,브라케토,숙성, , 
https://wine21.speedgabia.com/WINE_MST/TITLE/0146000/W0146408.jpg,샹파뉴 델라모뜨 블랑 드 블랑,Champagne Delamotte Blanc de Blancs,스파클링,15,1,3,샤르도네,레몬,사과,숙성
https://wine21.speedgabia.com/WINE_MST/TITLE/0146000/W0146376.jpg,끼알리 모덴 브뤼 스푸만테,Chialri 1860 Chiarli Moden Brut Spumante,스파클링,5,1,3,피뇰레또,레몬, , 
https://wine21.speedgabia.com/WINE_MST/TITLE/0146000/W0146375.jpg,끼알리 로제 브뤼 스푸만테,Chialri Rose Brut Spumante,스파클링,4,2,3,블렌디드,꽃, , 
https://wine21.speedgabia.com/WINE_MST/TITLE/0146000/W0146374.jpg,끼알리 1860 클레토 로제 브릇 스푸만테,Chialri 1860 Cleto Rose Brut Spumante,스파클링,5,1,3,블렌디드,꽃,사과, 
https://wine21.speedgabia.com/WINE_MST/TITLE/0146000/W0146282.jpg,로까 데 포르띠 스프만떼 돌체,Rocca dei Forti Spumante Dolce,스파클링,2,4,2,모스카토,꽃,사과, 
https://wine21.speedgabia.com/WINE_MST/TITLE/0146000/W0146216.jpg,나바로 꼬레아스 엑스트라 브뤼,Navarro Correas Extra Brut,스파클링,6,1,2,블렌디드,레몬,사과,아몬드
https://wine21.speedgabia.com/WINE_MST/TITLE/0146000/W0146171.jpg,테스코 까바 드미 섹,Tesco Cava Demi Sec,스파클링,1,3,2,블렌디드,숙성, , 
https://wine21.speedgabia.com/WINE_MST/TITLE/0146000/W0146108.jpg,파이니스트 프리미어 크뤼 브뤼 샴페인,Finest Premier Cru Brut Champagne,스파클링,6,1,4,블렌디드,레몬,숙성,크로와상
https://wine21.speedgabia.com/WINE_MST/TITLE/0145000/W0145868.jpg,코세티 피노 스푸만테,Cossetti Pinot Spumante,스파클링,3,1,2,피노 누아,꽃, , 
https://wine21.speedgabia.com/WINE_MST/TITLE/0145000/W0145742.jpg,간치아 브라꿰또 다뀌,Gancia Brachetto d'Acqui,스파클링,3,4,3,브라케토,꽃,사과, 
https://wine21.speedgabia.com/WINE_MST/IMAGE/0145000/T0145741_002.png,간치아 아스티 스푸만테,Gancia Asti Spumante,스파클링,3,4,2,모스카토,레몬, , 
https://wine21.speedgabia.com/WINE_MST/TITLE/0145000/W0145572.jpg,마욜리니 프란챠코르타 브뤼,Majolini Franciacorta Brut,스파클링,7,1,2,블렌디드,레몬,말린과일,아몬드
https://wine21.speedgabia.com/WINE_MST/TITLE/0145000/W0145539.jpg,브라운 브라더스 지비보,Brown Brothers Zibibbo,스파클링,5,4,2,뮈스까,레몬,사과,파인애플
https://wine21.speedgabia.com/WINE_MST/TITLE/0145000/W0145518.jpg,제라르 베르트랑 크레망 드 리무 블랑,Gerard Bertrand Cremant de Limoux Blanc,스파클링,5,1,3,블렌디드,꽃,사과,숙성
https://wine21.speedgabia.com/WINE_MST/TITLE/0144000/W0144999.png,니콜라스 푸이야트 리저브 브뤼,Nicolas Feuillatte Reserve Brut,스파클링,13,1,4,블렌디드,꽃,사과,아몬드
https://wine21.speedgabia.com/WINE_MST/TITLE/0144000/W0144997.jpg,니콜라스 푸이야트 리저브 로제 브뤼,Nicolas Feuillatte Reserve Rose Brut,스파클링,15,1,3,블렌디드,베리, , 
https://wine21.speedgabia.com/WINE_MST/TITLE/0144000/144846.jpg,멈 꼬르동 루즈,G.H.Mumm Cordon Rouge,스파클링,9,1,4,블렌디드,사과, , 
https://wine21.speedgabia.com/WINE_MST/TITLE/0144000/W0144076.jpg,빌까르 살몽 블랑 드 블랑,Billecart Salmon Blanc de Blancs,스파클링,15,1,3,블렌드,돌,사과,아몬드
https://wine21.speedgabia.com/WINE_MST/TITLE/0144000/W0144077.jpg,빌까르 살몽 브뤼 리저브,Billecart Salmon Brut Reserve,스파클링,11,1,3,블렌드,사과,아몬드, 
https://wine21.speedgabia.com/WINE_MST/TITLE/0144000/W0144078.jpg,빌까르 살몽 브뤼 로제,Billecart Salmon Brut Rose,스파클링,15,1,3,블렌드,레몬, , 
https://wine21.speedgabia.com/WINE_MST/TITLE/0144000/W0144082.jpg,빌까르 살몽 드미 섹,Billecart Salmon Demi Sec,스파클링,8,3,3,블렌드,꽃,오크통,크로와상
https://wine21.speedgabia.com/WINE_MST/TITLE/0143000/W0143865.jpg,아이언 홀스 웨딩 뀌베,Iron Horse Wedding Cuvee,스파클링,9,1,3,블렌디드,사과, , 
https://wine21.speedgabia.com/WINE_MST/TITLE/0143000/W0143523.jpg,페라리 브뤼,Ferrari Brut,스파클링,8,1,3,샤르도네,사과,숙성, 
https://wine21.speedgabia.com/WINE_MST/TITLE/0143000/W0143524.jpg,페라리 로제,Ferrari Rose,스파클링,9,1,3,블렌디드,꽃,베리,아몬드
https://wine21.speedgabia.com/WINE_MST/TITLE/0143000/W0143038.jpg,하이직 모노폴 블루 탑 브뤼,Heidsieck Monopole Blue Top Brut,스파클링,12,1,3,블렌디드,레몬,사과,아몬드
https://wine21.speedgabia.com/WINE_MST/TITLE/0142000/W0142851.png,브리스데일 스파클링 쉬라즈,Bleasdale Sparkling Shiraz,스파클링,7,1,3,시라/쉬라즈,시나몬,오크통, 
https://wine21.speedgabia.com/WINE_MST/TITLE/0142000/W0142831.jpg,옐로우 테일 버블스,Yellow Tail Bubbles,스파클링,2,3,2,블렌디드,사과,숙성,파인애플
https://wine21.speedgabia.com/WINE_MST/TITLE/0142000/W0142751.jpg,까띠에르 프리미에르 크뤼 브뤼,Cattier Premieur Cru Brut,스파클링,12,1,3,샤르도네,돌,사과,오크통
https://wine21.speedgabia.com/WINE_MST/TITLE/0141000/W0141928.jpg,마렌코 브라께또 다뀌 스푸만떼,Marenco Brachetto d'Acqui Supmante,스파클링,9,4,3,브라케토,꽃, , 
https://wine21.speedgabia.com/WINE_MST/TITLE/0141000/W0141830.jpg,마르코발디 프로세코 프리잔테 스파고,Marcobaldi Prosecco Frizzante Spago,스파클링,3,1,3,프로세코,레몬,사과, 
https://wine21.speedgabia.com/WINE_MST/TITLE/0141000/W0141850.jpg,에디션 범 섹트 엑스트라 드라이,Edition Baum Sekt Extra Dry,스파클링,3,1,2,샤르도네,레몬,사과, 
https://wine21.speedgabia.com/WINE_MST/TITLE/0141000/141806.jpg,제이콥스 크릭 샤르도네 피노 누아,Jacob's Creek Chardonnay Pinot Noir,스파클링,3,1,3,블렌디드,레몬,크로와상, 
https://wine21.speedgabia.com/WINE_MST/TITLE/0141000/141808.jpg,제이콥스 크릭 스파클링 로제,Jacob's Creek Sparkling Rose,스파클링,4,2,3,블렌디드,레몬,베리,숙성
https://wine21.speedgabia.com/WINE_MST/TITLE/0140000/W0140585.jpg,발디비에소 스파클링 모스카토,Valdivieso Sparkling Moscato,스파클링,2,4,3,모스카토,사과,숙성,파인애플
https://wine21.speedgabia.com/WINE_MST/TITLE/0140000/W0140237.jpg,또조 아스띠 스푸만떼,Toso Asti Spumante,스파클링,3,4,2,모스카토,사과, , 
https://wine21.speedgabia.com/WINE_MST/TITLE/0139000/W0139858.jpg,고세 엑설렁스 브뤼,Gosset Excellence Brut,스파클링,14,1,3,블렌디드,꽃,시나몬,오크통
https://wine21.speedgabia.com/WINE_MST/TITLE/0139000/W0139778.jpg,또스띠 아스띠 돌체,Tosti Asti Dolce,스파클링,5,4,3,까넬리 모스카토,레몬,사과, 
https://wine21.speedgabia.com/WINE_MST/TITLE/0139000/W0139788.jpg,베네가쭈 프로세코 브뤼,Venegazzu Prosecco Brut,스파클링,5,1,2,프로세코,꽃,사과,파인애플
https://wine21.speedgabia.com/WINE_MST/TITLE/0139000/W0139565.png,발레벨보 모스카토 스푸만테,Vallebelbo Moscato Spumante,스파클링,2,4,2,모스카토,사과,파인애플, 
https://wine21.speedgabia.com/WINE_MST/TITLE/0139000/W0139643.jpg,프라텔리베라 아스띠 스푸만떼,F.LLI.Bera Asti Spumante,스파클링,7,4,2,모스카토,꽃,사과, 
https://wine21.speedgabia.com/WINE_MST/TITLE/0139000/W0139172.jpg,제이 빈야드 빈티지 브뤼,J Vineyards Vintage Brut,스파클링,15,1,3,블렌디드,레몬,사과,시나몬
https://wine21.speedgabia.com/WINE_MST/TITLE/0139000/W0139016.jpg,안티노리 몬테니자 브뤼,Antinori Montenisa Brut,스파클링,8,1,2,블렌디드,사과,크로와상, 
https://wine21.speedgabia.com/WINE_MST/TITLE/0139000/W0139112.jpg,칸티나 꼴리 에오가네이 피오르 다란치오,Cantina Colli Euganei Fior d'Arancio,스파클링,4,4,3,모스카토,꽃,레몬, 
https://wine21.speedgabia.com/WINE_MST/TITLE/0138000/W0138939.jpg,슈램스버그 브뤼 로제,Schramsberg Brut Rose,스파클링,11,1,3,블렌디드,레몬,베리,시나몬
https://wine21.speedgabia.com/WINE_MST/TITLE/0138000/W0138940.jpg,슈램스버그 크레망 데미 섹,Schramsberg Crement Demi Sec,스파클링,12,3,3,블렌디드,꽃,사과,파인애플
https://wine21.speedgabia.com/WINE_MST/IMAGE/0138000/T0138987_001.png,울프 블라스 이글호크 스파클링,Wolf Blass Eaglehawk Sparkling,스파클링,1,1,1,블렌디드,레몬,사과,파인애플
https://wine21.speedgabia.com/WINE_MST/TITLE/0138000/W0138797.png,샹파뉴 앙리오 브뤼 수버랭,Champagne Henriot Brut Souverain,스파클링,14,1,3,블렌디드,레몬,숙성,시나몬
https://wine21.speedgabia.com/WINE_MST/TITLE/0138000/W0138694.png,도멘 생 미셸 브뤼,Domaine Ste. Michelle Brut,스파클링,4,2,3,블렌디드,레몬,사과, 
https://wine21.speedgabia.com/WINE_MST/TITLE/0138000/W0138460.jpg,프레시타,Fresita,스파클링,2,2,2,블렌디드,꽃,베리, 
https://wine21.speedgabia.com/WINE_MST/TITLE/0138000/W0138368.jpg,떼땡져 드미 섹,Taittinger Demi Sec,스파클링,12,3,3,블렌디드,사과,오크통, 
https://wine21.speedgabia.com/WINE_MST/TITLE/0137000/W0137908.jpg,바로크 버블리 레드,Barokes Bubbly Red,스파클링,0,2,3,블렌디드,베리, , 
https://wine21.speedgabia.com/WINE_MST/TITLE/0137000/W0137910.jpg,바로크 버블리 화이트,Barokes Bubbly White,스파클링,0,3,3,블렌디드,사과, , 
https://wine21.speedgabia.com/WINE_MST/TITLE/0137000/W0137911.jpg,바로크 레드 빈 121,Barokes Red Bin 121,스파클링,0,2,3,블렌디드,파인애플, , 
https://wine21.speedgabia.com/WINE_MST/TITLE/0137000/W0137913.jpg,바로크 화이트 Bin 241,Barokes White Bin 241,스파클링,0,3,3,블렌디드,사과,숙성, 
https://wine21.speedgabia.com/WINE_MST/TITLE/0137000/W0137937.jpg,뮈스까도르,Muscador,스파클링,1,2,2,뮈스까,베리,사과, 
https://wine21.speedgabia.com/WINE_MST/TITLE/0137000/W0137938.jpg,오페라 브뤼,Opera Brut,스파클링,2,2,2,우니 블랑,사과, , 
https://wine21.speedgabia.com/WINE_MST/TITLE/0137000/W0137939.jpg,오페라 드미 섹,Opera Demi Sec,스파클링,2,3,2,우니 블랑,사과, , 
https://wine21.speedgabia.com/WINE_MST/TITLE/0137000/W0137947.jpg,깜뽀 비에호 까바,Campo Viejo Cava,스파클링,2,2,2,블렌디드,시나몬, , 
https://wine21.speedgabia.com/WINE_MST/TITLE/0137000/W0137502.png,발비 소프라니 아스티,Balbi Soprani Asti,스파클링,4,4,2,모스카토,꽃,레몬,사과
https://wine21.speedgabia.com/WINE_MST/TITLE/0137000/W0137507.png,발비 소프라니 브라케토 다퀴,Balbi Soprani Brachetto d'Acqui,스파클링,4,4,3,브라케토,꽃,베리, 
https://wine21.speedgabia.com/WINE_MST/TITLE/0137000/W0137350.jpg,블루 넌 골드 에디션 22k,Blue Nun Gold Edition 22k,스파클링,2,4,3,블렌디드,숙성, , 
https://wine21.speedgabia.com/WINE_MST/TITLE/0137000/W0137389.jpg,폴 로저 브뤼 리저브,Pol Roger Brut Reserve,스파클링,15,1,3,블렌디드,숙성,아몬드, 